t,sg,y,v
0.000000, 0.000000, 0.000000 , 0.000000,0.000000 
0.010000, -6.954854, -0.000130 , -0.017387,-3.477427 
0.020000, -13.859291, -0.000695 , -0.069549,-6.954854 
0.030000, -20.663211, -0.002042 , -0.156358,-10.407072 
0.040000, -27.317153, -0.004516 , -0.277690,-13.859291 
0.050000, -33.772606, -0.008460 , -0.433293,-17.261251 
0.060000, -39.982319, -0.014215 , -0.622915,-20.663211 
0.070000, -45.900595, -0.022118 , -0.846182,-23.990182 
0.080000, -51.483586, -0.032504 , -1.102719,-27.317153 
0.090000, -56.689569, -0.045701 , -1.392029,-30.544880 
0.100000, -61.479211, -0.062033 , -1.713616,-33.772606 
0.110000, -65.815817, -0.081819 , -2.066867,-36.877463 
0.120000, -69.665563, -0.105370 , -2.451165,-39.982319 
0.130000, -72.997712, -0.132991 , -2.865784,-42.941457 
0.140000, -75.784806, -0.164980 , -3.309995,-45.900595 
0.150000, -78.002843, -0.201628 , -3.782958,-48.692090 
0.160000, -79.631426, -0.243214 , -4.283836,-51.483586 
0.170000, -80.653897, -0.290011 , -4.811687,-54.086577 
0.180000, -81.057435, -0.342282 , -5.365568,-56.689569 
0.190000, -80.833146, -0.400279 , -5.944438,-59.084390 
0.200000, -79.976114, -0.464245 , -6.547256,-61.479211 
0.210000, -78.485431, -0.534410 , -7.172889,-63.647514 
0.220000, -76.364209, -0.610993 , -7.820206,-65.815817 
0.230000, -73.619553, -0.694204 , -8.487989,-67.740690 
0.240000, -70.262521, -0.784236 , -9.175020,-69.665563 
0.250000, -66.308052, -0.881274 , -9.880006,-71.331637 
0.260000, -61.774871, -0.985486 , -10.601653,-72.997712 
0.270000, -56.685372, -1.097030 , -11.338597,-74.391259 
0.280000, -51.065473, -1.216048 , -12.089478,-75.784806 
0.290000, -44.944457, -1.342668 , -12.852871,-76.893824 
0.300000, -38.354780, -1.477005 , -13.627354,-78.002843 
0.310000, -31.331869, -1.619159 , -14.411454,-78.817134 
0.320000, -23.913899, -1.769216 , -15.203697,-79.631426 
0.330000, -16.141545, -1.927244 , -16.002567,-80.142661 
0.340000, -8.057731, -2.093300 , -16.806550,-80.653897 
0.350000, 0.292645, -2.267422 , -17.614098,-80.855666 
0.360000, 8.862997, -2.449635 , -18.423663,-81.057435 
0.370000, 17.605343, -2.639946 , -19.233677,-80.945291 
0.380000, 26.470613, -2.838350 , -20.042569,-80.833146 
0.390000, 35.408957, -3.044822 , -20.848758,-80.404630 
0.400000, 44.370060, -3.259324 , -21.650662,-79.976114 
0.410000, 53.303466, -3.481801 , -22.446696,-79.230773 
0.420000, 62.158893, -3.712182 , -23.235277,-78.485431 
0.430000, 70.886552, -3.950381 , -24.014829,-77.424820 
0.440000, 79.437466, -4.196297 , -24.783774,-76.364209 
0.450000, 87.763777, -4.449810 , -25.540554,-74.991881 
0.460000, 95.819050, -4.710789 , -26.283611,-73.619553 
0.470000, 103.558570, -4.979084 , -27.011414,-71.941037 
0.480000, 110.939620, -5.254530 , -27.722432,-70.262521 
0.490000, 117.921759, -5.536950 , -28.415171,-68.285286 
0.500000, 124.467070, -5.826149 , -29.088138,-66.308052 
0.510000, 130.540408, -6.121919 , -29.739885,-64.041461 
0.520000, 136.109618, -6.424036 , -30.368967,-61.774871 
0.530000, 141.145740, -6.732263 , -30.973992,-59.230121 
0.540000, 145.623193, -7.046350 , -31.553569,-56.685372 
0.550000, 149.519937, -7.366031 , -32.106373,-53.875422 
0.560000, 152.817613, -7.691030 , -32.631078,-51.065473 
0.570000, 155.501657, -8.021056 , -33.126430,-48.004965 
0.580000, 157.561397, -8.355806 , -33.591177,-44.944457 
0.590000, 158.990115, -8.694965 , -34.024148,-41.649619 
0.600000, 159.785094, -9.038207 , -34.424170,-38.354780 
0.610000, 159.947634, -9.385194 , -34.790160,-34.843325 
0.620000, 159.483043, -9.735577 , -35.121036,-31.331869 
0.630000, 158.400603, -10.088998 , -35.415810,-27.622884 
0.640000, 156.713512, -10.445089 , -35.673494,-23.913899 
0.650000, 154.438802, -10.803471 , -35.893202,-20.027722 
0.660000, 151.597228, -11.163760 , -36.074048,-16.141545 
0.670000, 148.213137, -11.525559 , -36.215254,-12.099638 
0.680000, 144.314317, -11.888468 , -36.316041,-8.057731 
0.690000, 139.931815, -12.252076 , -36.375742,-3.882543 
0.700000, 135.099747, -12.615968 , -36.393692,0.292645 
0.710000, 129.855075, -12.979722 , -36.369340,4.577821 
0.720000, 124.237379, -13.342912 , -36.302135,8.862997 
0.730000, 118.288602, -13.705104 , -36.191650,13.234170 
0.740000, 112.052785, -14.065864 , -36.037452,17.605343 
0.750000, 105.575790, -14.424752 , -35.839235,22.037978 
0.760000, 98.905004, -14.781325 , -35.596692,26.470613 
0.770000, 92.089046, -15.135140 , -35.309640,30.939785 
0.780000, 85.177454, -15.485748 , -34.977897,35.408957 
0.790000, 78.220371, -15.832703 , -34.601404,39.889509 
0.800000, 71.268229, -16.175557 , -34.180107,44.370060 
0.810000, 64.371429, -16.513863 , -33.714072,48.836763 
0.820000, 57.580021, -16.847174 , -33.203371,53.303466 
0.830000, 50.943388, -17.175044 , -32.648198,57.731180 
0.840000, 44.509929, -17.497030 , -32.048748,62.158893 
0.850000, 38.326760, -17.812692 , -31.405340,66.522723 
0.860000, 32.439406, -18.121592 , -30.718293,70.886552 
0.870000, 26.891519, -18.423298 , -29.988050,75.162009 
0.880000, 21.724601, -18.717381 , -29.215053,79.437466 
0.890000, 16.977738, -19.003418 , -28.399863,83.600621 
0.900000, 12.687352, -19.280990 , -27.543041,87.763777 
0.910000, 8.886975, -19.549687 , -26.645265,91.791413 
0.920000, 5.607032, -19.809105 , -25.707212,95.819050 
0.930000, 2.874648, -20.058845 , -24.729673,99.688810 
0.940000, 0.713480, -20.298520 , -23.713436,103.558570 
0.950000, -0.856437, -20.527749 , -22.659398,107.249095 
0.960000, -1.818815, -20.746161 , -21.568454,110.939620 
0.970000, -2.161215, -20.953394 , -20.441603,114.430689 
0.980000, -1.875131, -21.149097 , -19.279840,117.921759 
0.990000, -0.956036, -21.332929 , -18.084260,121.194414 
1.000000, 0.596581, -21.504559 , -16.855952,124.467070 
1.010000, 2.779218, -21.663670 , -15.596098,127.503739 
1.020000, 5.584380, -21.809954 , -14.305877,130.540408 
1.030000, 9.000625, -21.943118 , -12.986550,133.325013 
1.040000, 13.012640, -22.062880 , -11.639377,136.109618 
1.050000, 17.601334, -22.168971 , -10.265691,138.627679 
1.060000, 22.743962, -22.261136 , -8.866824,141.145740 
1.070000, 28.414267, -22.339134 , -7.444173,143.384467 
1.080000, 34.582650, -22.402738 , -5.999134,145.623193 
1.090000, 41.216353, -22.451735 , -4.533160,147.571565 
1.100000, 48.279670, -22.485926 , -3.047703,149.519937 
1.110000, 55.734171, -22.505127 , -1.544259,151.168775 
1.120000, 63.538948, -22.509170 , -0.024327,152.817613 
1.130000, 71.650871, -22.497901 , 1.510559,154.159635 
1.140000, 80.024866, -22.471184 , 3.058865,155.501657 
1.150000, 88.614195, -22.428894 , 4.619031,156.531527 
1.160000, 97.370759, -22.370925 , 6.189496,157.561397 
1.170000, 106.245394, -22.297186 , 7.768682,158.275756 
1.180000, 115.188193, -22.207602 , 9.355011,158.990115 
1.190000, 124.148812, -22.102112 , 10.946900,159.387604 
1.200000, 133.076799, -21.980675 , 12.542763,159.785094 
1.210000, 141.921904, -21.843260 , 14.141020,159.866364 
1.220000, 150.634406, -21.689857 , 15.740090,159.947634 
1.230000, 159.165423, -21.520468 , 17.338405,159.715338 
1.240000, 167.467223, -21.335114 , 18.934397,159.483043 
1.250000, 175.493527, -21.133830 , 20.526521,158.941823 
1.260000, 183.199803, -20.916664 , 22.113234,158.400603 
1.270000, 190.543545, -20.683683 , 23.693022,157.557057 
1.280000, 197.484548, -20.434968 , 25.264375,156.713512 
1.290000, 203.985156, -20.170613 , 26.825823,155.576157 
1.300000, 210.010508, -19.890729 , 28.375898,154.438802 
1.310000, 215.528752, -19.595441 , 29.913182,153.018015 
1.320000, 220.511252, -19.284886 , 31.436258,151.597228 
1.330000, 224.932766, -18.959217 , 32.943770,149.905183 
1.340000, 228.771609, -18.618600 , 34.434362,148.213137 
1.350000, 232.009788, -18.263213 , 35.906746,146.263727 
1.360000, 234.633118, -17.893249 , 37.359636,144.314317 
1.370000, 236.631310, -17.508912 , 38.791823,142.123066 
1.380000, 237.998038, -17.110416 , 40.202098,139.931815 
1.390000, 238.730976, -16.697991 , 41.589336,137.515781 
1.400000, 238.831819, -16.271875 , 42.952413,135.099747 
1.410000, 238.306264, -15.832316 , 44.290299,132.477411 
1.420000, 237.163980, -15.379576 , 45.601961,129.855075 
1.430000, 235.418546, -14.913922 , 46.886468,127.046227 
1.440000, 233.087362, -14.435635 , 48.142886,124.237379 
1.450000, 230.191541, -13.944999 , 49.370388,121.262991 
1.460000, 226.755775, -13.442312 , 50.568146,118.288602 
1.470000, 222.808178, -12.927876 , 51.735442,115.170694 
1.480000, 218.380108, -12.402001 , 52.871560,112.052785 
1.490000, 213.505967, -11.865003 , 53.975895,108.814288 
1.500000, 208.222987, -11.317204 , 55.047845,105.575790 
1.510000, 202.570989, -10.758933 , 56.086926,102.240397 
1.520000, 196.592133, -10.190520 , 57.092653,98.905004 
1.530000, 190.330652, -9.612304 , 58.064664,95.497025 
1.540000, 183.832568, -9.024623 , 59.002594,92.089046 
1.550000, 177.145405, -8.427820 , 59.906205,88.633250 
1.560000, 170.317885, -7.822240 , 60.775259,85.177454 
1.570000, 163.399617, -7.208229 , 61.609641,81.698912 
1.580000, 156.440789, -6.586136 , 62.409237,78.220371 
1.590000, 149.491843, -5.956307 , 63.174060,74.744300 
1.600000, 142.603159, -5.319091 , 63.904123,71.268229 
1.610000, 135.824737, -4.674834 , 64.599563,67.819829 
1.620000, 129.205877, -4.023881 , 65.260520,64.371429 
1.630000, 122.794866, -3.366576 , 65.887255,60.975725 
1.640000, 116.638675, -2.703257 , 66.480034,57.580021 
1.650000, 110.782661, -2.034263 , 67.039243,54.261705 
1.660000, 105.270278, -1.359925 , 67.565268,50.943388 
1.670000, 100.142800, -0.680573 , 68.058619,47.726659 
1.680000, 95.439064, 0.003473 , 68.519801,44.509929 
1.690000, 91.195220, 0.691893 , 68.949443,41.418345 
1.700000, 87.444504, 1.384378 , 69.348168,38.326760 
1.710000, 84.217026, 2.080624 , 69.716718,35.383083 
1.720000, 81.539580, 2.780334 , 70.055830,32.439406 
1.730000, 79.435472, 3.483221 , 70.366354,29.665462 
1.740000, 77.924378, 4.189006 , 70.649139,26.891519 
1.750000, 77.022213, 4.897417 , 70.905137,24.308060 
1.760000, 76.741032, 5.608195 , 71.135300,21.724601 
1.770000, 77.088956, 6.321088 , 71.340679,19.351169 
1.780000, 78.070117, 7.035857 , 71.522324,16.977738 
1.790000, 79.684635, 7.752273 , 71.681375,14.832545 
1.800000, 81.928615, 8.470119 , 71.818975,12.687352 
1.810000, 84.794173, 9.189189 , 71.936347,10.787164 
1.820000, 88.269485, 9.909290 , 72.034718,8.886975 
1.830000, 92.338862, 10.630243 , 72.115388,7.247003 
1.840000, 96.982851, 11.351878 , 72.179658,5.607032 
1.850000, 102.178355, 12.074044 , 72.228897,4.240840 
1.860000, 107.898784, 12.796600 , 72.264475,2.874648 
1.870000, 114.114220, 13.519420 , 72.287818,1.794064 
1.880000, 120.791607, 14.242392 , 72.300356,0.713480 
1.890000, 127.894961, 14.965420 , 72.303566,-0.071479 
1.900000, 135.385600, 15.688421 , 72.298927,-0.856437 
1.910000, 143.222386, 16.411328 , 72.287956,-1.337626 
1.920000, 151.361987, 17.134089 , 72.272174,-1.818815 
1.930000, 159.759152, 17.856668 , 72.253130,-1.990015 
1.940000, 168.366998, 18.579043 , 72.232374,-2.161215 
1.950000, 177.137306, 19.301210 , 72.211477,-2.018173 
1.960000, 186.020829, 20.023179 , 72.192010,-1.875131 
1.970000, 194.967599, 20.744976 , 72.175557,-1.415584 
1.980000, 203.927251, 21.466643 , 72.163699,-0.956036 
1.990000, 212.849336, 22.188237 , 72.158020,-0.179728 
2.000000, 221.683643, 22.909833 , 72.160104,0.596581 
2.010000, 230.380520, 23.631519 , 72.171526,1.687899 
2.020000, 238.891182, 24.353402 , 72.193862,2.779218 
2.030000, 247.168028, 25.075602 , 72.228667,4.181799 
2.040000, 255.164935, 25.798255 , 72.277498,5.584380 
2.050000, 262.837559, 26.521513 , 72.341882,7.292503 
2.060000, 270.143608, 27.245542 , 72.423348,9.000625 
2.070000, 277.043114, 27.970526 , 72.523384,11.006633 
2.080000, 283.498685, 28.696661 , 72.643481,13.012640 
2.090000, 289.475745, 29.424158 , 72.785079,15.306987 
2.100000, 294.942748, 30.153242 , 72.949620,17.601334 
2.110000, 299.871383, 30.884155 , 73.138490,20.172648 
2.120000, 304.236751, 31.617149 , 73.353073,22.743962 
2.130000, 308.017520, 32.352492 , 73.594689,25.579114 
2.140000, 311.196067, 33.090464 , 73.864656,28.414267 
2.150000, 313.758584, 33.831357 , 74.164219,31.498459 
2.160000, 315.695168, 34.575477 , 74.494625,34.582650 
2.170000, 316.999883, 35.323142 , 74.857036,37.899502 
2.180000, 317.670797, 36.074679 , 75.252615,41.216353 
2.190000, 317.709996, 36.830429 , 75.682437,44.748012 
2.200000, 317.123570, 37.590742 , 76.147575,48.279670 
2.210000, 315.921573, 38.355978 , 76.649008,52.006921 
2.220000, 314.117963, 39.126509 , 77.187714,55.734171 
2.230000, 311.730507, 39.902712 , 77.764567,59.636559 
2.240000, 308.780676, 40.684977 , 78.380445,63.538948 
2.250000, 305.293504, 41.473699 , 79.036114,67.594909 
2.260000, 301.297431, 42.269282 , 79.732343,71.650871 
2.270000, 296.824122, 43.072136 , 80.469787,75.837869 
2.280000, 291.908267, 43.882679 , 81.249100,80.024866 
2.290000, 286.587360, 44.701333 , 82.070822,84.319531 
2.300000, 280.901464, 45.528526 , 82.935491,88.614195 
2.310000, 274.892953, 46.364691 , 83.843524,92.992477 
2.320000, 268.606249, 47.210265 , 84.795340,97.370759 
2.330000, 262.087533, 48.065687 , 85.791235,101.808076 
2.340000, 255.384460, 48.931402 , 86.831502,106.245394 
2.350000, 248.545853, 49.807853 , 87.916313,110.716793 
2.360000, 241.621391, 50.695487 , 89.045838,115.188193 
2.370000, 234.661301, 51.594753 , 90.220121,119.668502 
2.380000, 227.716034, 52.506097 , 91.439208,124.148812 
2.390000, 220.835947, 53.429968 , 92.703016,128.612805 
2.400000, 214.070984, 54.366811 , 94.011464,133.076799 
2.410000, 207.470359, 55.317073 , 95.364345,137.499351 
2.420000, 201.082245, 56.281194 , 96.761451,141.921904 
2.430000, 194.953469, 57.259617 , 98.202451,146.278155 
2.440000, 189.129213, 58.252775 , 99.687014,150.634406 
2.450000, 183.652728, 59.261103 , 101.214686,154.899915 
2.460000, 178.565063, 60.285027 , 102.785012,159.165423 
2.470000, 173.904801, 61.324970 , 104.397421,163.316323 
2.480000, 169.707818, 62.381349 , 106.051339,167.467223 
2.490000, 166.007052, 63.454573 , 107.746077,171.480375 
2.500000, 162.832296, 64.545045 , 109.480946,175.493527 
2.510000, 160.210010, 65.653161 , 111.255147,179.346665 
2.520000, 158.163152, 66.779308 , 113.067880,183.199803 
2.530000, 156.711034, 67.923865 , 114.918237,186.871674 
2.540000, 155.869196, 69.087200 , 116.805313,190.543545 
2.550000, 155.649312, 70.269674 , 118.728101,194.014047 
2.560000, 156.059115, 71.471636 , 120.685594,197.484548 
2.570000, 157.102344, 72.693425 , 122.676691,200.734852 
2.580000, 158.778726, 73.935369 , 124.700291,203.985156 
2.590000, 161.083974, 75.197784 , 126.755206,206.997832 
2.600000, 164.009815, 76.480974 , 128.840248,210.010508 
2.610000, 167.544042, 77.785231 , 130.954149,212.769630 
2.620000, 171.670595, 79.110833 , 133.095640,215.528752 
2.630000, 176.369657, 80.458048 , 135.263384,218.020002 
2.640000, 181.617783, 81.827127 , 137.456040,220.511252 
2.650000, 187.388049, 83.218308 , 139.672207,222.722009 
2.660000, 193.650220, 84.631817 , 141.910481,224.932766 
2.670000, 200.370945, 86.067864 , 144.169405,226.852187 
2.680000, 207.513966, 87.526644 , 146.447524,228.771609 
2.690000, 215.040349, 89.008338 , 148.743336,230.390699 
2.700000, 222.908728, 90.513111 , 151.055338,232.009788 
2.710000, 231.075572, 92.041115 , 153.381995,233.321453 
2.720000, 239.495458, 93.592483 , 155.721767,234.633118 
2.730000, 248.121358, 95.167336 , 158.073094,235.632214 
2.740000, 256.904940, 96.765776 , 160.434412,236.631310 
2.750000, 265.796870, 98.387893 , 162.804142,237.314674 
2.760000, 274.747129, 100.033759 , 165.180705,237.998038 
2.770000, 283.705329, 101.703430 , 167.562518,238.364507 
2.780000, 292.621031, 103.396946 , 169.947995,238.730976 
2.790000, 301.444065, 105.114333 , 172.335557,238.781398 
2.800000, 310.124848, 106.855599 , 174.723623,238.831819 
2.810000, 318.614699, 108.620738 , 177.110628,238.569041 
2.820000, 326.866147, 110.409727 , 179.495004,238.306264 
2.830000, 334.833234, 112.222528 , 181.875211,237.735122 
2.840000, 342.471800, 114.059089 , 184.249707,237.163980 
2.850000, 349.739772, 115.919341 , 186.616983,236.291263 
2.860000, 356.597422, 117.803200 , 188.975532,235.418546 
2.870000, 363.007625, 119.710568 , 191.323889,234.252954 
2.880000, 368.936090, 121.641332 , 193.660591,233.087362 
2.890000, 374.351581, 123.595365 , 195.984225,231.639452 
2.900000, 379.226113, 125.572526 , 198.293380,230.191541 
2.910000, 383.535129, 127.572660 , 200.586706,228.473658 
2.920000, 387.257655, 129.595598 , 202.862853,226.755775 
2.930000, 390.376438, 131.641159 , 205.120542,224.781977 
2.940000, 392.878047, 133.709149 , 207.358493,222.808178 
2.950000, 394.752966, 135.799362 , 209.575504,220.594143 
2.960000, 395.995649, 137.911578 , 211.770375,218.380108 
2.970000, 396.604559, 140.045569 , 213.941991,215.943037 
2.980000, 396.582173, 142.201093 , 216.089236,213.505967 
2.990000, 395.934973, 144.377899 , 218.211088,210.864477 
3.000000, 394.673397, 146.575726 , 220.306526,208.222987 
3.010000, 392.811780, 148.794302 , 222.374626,205.396988 
3.020000, 390.368259, 151.033347 , 224.414466,202.570989 
3.030000, 387.364658, 153.292573 , 226.425228,199.581561 
3.040000, 383.826353, 155.571681 , 228.406097,196.592133 
3.050000, 379.782108, 157.870369 , 230.356364,193.461392 
3.060000, 375.263893, 160.188325 , 232.275325,190.330652 
3.070000, 370.306682, 162.525231 , 234.162386,187.081610 
3.080000, 364.948233, 164.880765 , 236.016957,183.832568 
3.090000, 359.228845, 167.254596 , 237.838565,180.488987 
3.100000, 353.191105, 169.646393 , 239.626737,177.145405 
3.110000, 346.879621, 172.055818 , 241.381122,173.731645 
3.120000, 340.340730, 174.482531 , 243.101369,170.317885 
3.130000, 333.622216, 176.926189 , 244.787253,166.858751 
3.140000, 326.772998, 179.386446 , 246.438544,163.399617 
3.150000, 319.842824, 181.862956 , 248.055144,159.920203 
3.160000, 312.881956, 184.355371 , 249.636948,156.440789 
3.170000, 305.940851, 186.863344 , 251.183984,152.966316 
3.180000, 299.069839, 189.386526 , 252.696275,149.491843 
3.190000, 292.318806, 191.924571 , 254.173972,146.047501 
3.200000, 285.736879, 194.477135 , 255.617225,142.603159 
3.210000, 279.372112, 197.043876 , 257.026310,139.213948 
3.220000, 273.271184, 199.624453 , 258.401504,135.824737 
3.230000, 267.479099, 202.218530 , 259.743204,132.515307 
3.240000, 262.038906, 204.825777 , 261.051810,129.205877 
3.250000, 256.991424, 207.445865 , 262.327841,126.000371 
3.260000, 252.374981, 210.078474 , 263.571817,122.794866 
3.270000, 248.225174, 212.723286 , 264.784376,119.716770 
3.280000, 244.574643, 215.379993 , 265.966153,116.638675 
3.290000, 241.452863, 218.048293 , 267.117899,113.710668 
3.300000, 238.885959, 220.727890 , 268.240366,110.782661 
3.310000, 236.896536, 223.418499 , 269.334412,108.026470 
3.320000, 235.503542, 226.119842 , 270.400896,105.270278 
3.330000, 234.722144, 228.831650 , 271.440780,102.706539 
3.340000, 234.563632, 231.553665 , 272.455026,100.142800 
3.350000, 235.035349, 234.285637 , 273.444695,97.790932 
3.360000, 236.140644, 237.027331 , 274.410845,95.439064 
3.370000, 237.878848, 239.778517 , 275.354626,93.317142 
3.380000, 240.245284, 242.538983 , 276.277188,91.195220 
3.390000, 243.231290, 245.308524 , 277.179763,89.319862 
3.400000, 246.824280, 248.086950 , 278.063585,87.444504 
3.410000, 251.007819, 250.874084 , 278.929961,85.830765 
3.420000, 255.761729, 253.669760 , 279.780200,84.217026 
3.430000, 261.062219, 256.473828 , 280.615677,82.878303 
3.440000, 266.882031, 259.286151 , 281.437766,81.539580 
3.450000, 273.190618, 262.106605 , 282.247902,80.487526 
3.460000, 279.954334, 264.935081 , 283.047517,79.435472 
3.470000, 287.136648, 267.771485 , 283.838094,78.679925 
3.480000, 294.698377, 270.615739 , 284.621115,77.924378 
3.490000, 302.597932, 273.467777 , 285.398104,77.473296 
3.500000, 310.791585, 276.327552 , 286.170581,77.022213 
3.510000, 319.233740, 279.195029 , 286.940100,76.881622 
3.520000, 327.877231, 282.070191 , 287.708214,76.741032 
3.530000, 336.673612, 284.953035 , 288.476494,76.914994 
3.540000, 345.573470, 287.843575 , 289.246514,77.088956 
3.550000, 354.526735, 290.741841 , 290.019856,77.579536 
3.560000, 363.483000, 293.647876 , 290.798104,78.070117 
3.570000, 372.391838, 296.561743 , 291.582842,78.877376 
3.580000, 381.203122, 299.483517 , 292.375652,79.684635 
3.590000, 389.867344, 302.413292 , 293.178108,80.806625 
3.600000, 398.335929, 305.351176 , 293.991784,81.928615 
3.610000, 406.561540, 308.297292 , 294.818234,83.361394 
3.620000, 414.498381, 311.251780 , 295.659012,84.794173 
3.630000, 422.102487, 314.214795 , 296.515642,86.531829 
3.640000, 429.332001, 317.186506 , 297.389649,88.269485 
3.650000, 436.147439, 320.167099 , 298.282517,90.304174 
3.660000, 442.511944, 323.156774 , 299.195732,92.338862 
3.670000, 448.391516, 326.155743 , 300.130731,94.660857 
3.680000, 453.755226, 329.164237 , 301.088949,96.982851 
3.690000, 458.575419, 332.182498 , 302.071767,99.580603 
3.700000, 462.827882, 335.210782 , 303.080562,102.178355 
3.710000, 466.492001, 338.249358 , 304.116646,105.038570 
3.720000, 469.550890, 341.298510 , 305.181333,107.898784 
3.730000, 471.991500, 344.358532 , 306.275859,111.006502 
3.740000, 473.804701, 347.429732 , 307.401463,114.114220 
3.750000, 474.985338, 350.512431 , 308.559299,117.452913 
3.760000, 475.532267, 353.606958 , 309.750521,120.791607 
3.770000, 475.448358, 356.713656 , 310.976196,124.343284 
3.780000, 474.740483, 359.832877 , 312.237387,127.894961 
3.790000, 473.419466, 362.964983 , 313.535063,131.640281 
3.800000, 471.500017, 366.110347 , 314.870193,135.385600 
3.810000, 469.000639, 369.269350 , 316.243641,139.303993 
3.820000, 465.943512, 372.442381 , 317.656272,143.222386 
3.830000, 462.354350, 375.629838 , 319.108845,147.292186 
3.840000, 458.262239, 378.832126 , 320.602116,151.361987 
3.850000, 453.699453, 382.049657 , 322.136729,155.560569 
3.860000, 448.701249, 385.282849 , 323.713328,159.759152 
3.870000, 443.305644, 388.532125 , 325.332439,164.063075 
3.880000, 437.553172, 391.797916 , 326.994589,168.366998 
3.890000, 431.486632, 395.080654 , 328.700185,172.752152 
3.900000, 425.150812, 398.380776 , 330.449632,177.137306 
3.910000, 418.592205, 401.698725 , 332.243214,181.579067 
3.920000, 411.858718, 405.034942 , 334.081213,186.020829 
3.930000, 404.999366, 408.389873 , 335.963789,190.494214 
3.940000, 398.063962, 411.763966 , 337.891098,194.967599 
3.950000, 391.102801, 415.157667 , 339.863173,199.447425 
3.960000, 384.166340, 418.571426 , 341.880046,203.927251 
3.970000, 377.304881, 422.005688 , 343.941624,208.388293 
3.980000, 370.568250, 425.460901 , 346.047812,212.849336 
3.990000, 364.005482, 428.937508 , 348.198391,217.266490 
4.000000, 357.664510, 432.435953 , 350.393142,221.683643 
4.010000, 351.591860, 435.956673 , 352.631720,226.032082 
4.020000, 345.832360, 439.500106 , 354.913783,230.380520 
4.030000, 340.428851, 443.066682 , 357.238865,234.635851 
4.040000, 335.421919, 446.656828 , 359.606500,238.891182 
4.050000, 330.849636, 450.270965 , 362.016104,243.029605 
4.060000, 326.747319, 453.909508 , 364.467093,247.168028 
4.070000, 323.147306, 457.572867 , 366.958765,251.166482 
4.080000, 320.078753, 461.261442 , 369.490422,255.164935 
4.090000, 317.567445, 464.975627 , 372.061253,259.001247 
4.100000, 315.635639, 468.715809 , 374.670447,262.837559 
4.110000, 314.301915, 472.482363 , 377.317088,266.490584 
4.120000, 313.581065, 476.275658 , 380.000259,270.143608 
4.130000, 313.483995, 480.096051 , 382.718944,273.593361 
4.140000, 314.017659, 483.943889 , 385.472126,277.043114 
4.150000, 315.185013, 487.819509 , 388.258696,280.270899 
4.160000, 316.984995, 491.723238 , 391.077544,283.498685 
4.170000, 319.412536, 495.655388 , 393.927474,286.487215 
4.180000, 322.458587, 499.616261 , 396.807288,289.475745 
4.190000, 326.110181, 503.606147 , 399.715713,292.209246 
4.200000, 330.350512, 507.625322 , 402.651473,294.942748 
4.210000, 335.159043, 511.674050 , 405.613222,297.407066 
4.220000, 340.511634, 515.752580 , 408.599615,299.871383 
4.230000, 346.380700, 519.861149 , 411.609242,302.054067 
4.240000, 352.735381, 523.999977 , 414.640696,304.236751 
4.250000, 359.541737, 528.169273 , 417.692515,306.127135 
4.260000, 366.762969, 532.369228 , 420.763239,308.017520 
4.270000, 374.359645, 536.600022 , 423.851360,309.606793 
4.280000, 382.289957, 540.861815 , 426.955375,311.196067 
4.290000, 390.509980, 545.154757 , 430.073741,312.477326 
4.300000, 398.973953, 549.478978 , 433.204921,313.758584 
4.310000, 407.634570, 553.834595 , 436.347348,314.726876 
4.320000, 416.443277, 558.221710 , 439.499459,315.695168 
4.330000, 425.350583, 562.640406 , 442.659672,316.347525 
4.340000, 434.306370, 567.090753 , 445.826409,316.999883 
4.350000, 443.260216, 571.572805 , 448.998085,317.335340 
4.360000, 452.161709, 576.086598 , 452.173116,317.670797 
4.370000, 460.960769, 580.632156 , 455.349922,317.690396 
4.380000, 469.607965, 585.209482 , 458.526924,317.709996 
4.390000, 478.054829, 589.818569 , 461.702558,317.416783 
4.400000, 486.254163, 594.459390 , 464.875259,317.123570 
4.410000, 494.160338, 599.131904 , 468.043490,316.522572 
4.420000, 501.729581, 603.836056 , 471.205711,315.921573 
4.430000, 508.920258, 608.571773 , 474.360418,315.019768 
4.440000, 515.693132, 613.338970 , 477.506106,314.117963 
4.450000, 522.011613, 618.137545 , 480.641317,312.924235 
4.460000, 527.841994, 622.967383 , 483.764591,311.730507 
4.470000, 533.153659, 627.828353 , 486.874521,310.255592 
4.480000, 537.919281, 632.720312 , 489.969703,308.780676 
4.490000, 542.114994, 637.643102 , 493.048792,307.037090 
4.500000, 545.720542, 642.596553 , 496.110445,305.293504 
4.510000, 548.719412, 647.580479 , 499.153389,303.295468 
4.520000, 551.098936, 652.594685 , 502.176354,301.297431 
4.530000, 552.850369, 657.638962 , 505.178145,299.060777 
4.540000, 553.968949, 662.713089 , 508.157569,296.824122 
4.550000, 554.453924, 667.816835 , 511.113521,294.366194 
4.560000, 554.308560, 672.949955 , 514.044893,291.908267 
4.570000, 553.540114, 678.112198 , 516.950674,289.247813 
4.580000, 552.159796, 683.303298 , 519.829850,286.587360 
4.590000, 550.182692, 688.522984 , 522.681508,283.744412 
4.600000, 547.627670, 693.770973 , 525.504738,280.901464 
4.610000, 544.517263, 699.046976 , 528.298731,277.897208 
4.620000, 540.877523, 704.350693 , 531.062682,274.892953 
4.630000, 536.737856, 709.681819 , 533.795895,271.749601 
4.640000, 532.130838, 715.040041 , 536.497674,268.606249 
4.650000, 527.092005, 720.425041 , 539.167440,265.346891 
4.660000, 521.659632, 725.836494 , 541.804612,262.087533 
4.670000, 515.874488, 731.274071 , 544.408729,258.735997 
4.680000, 509.779577, 736.737438 , 546.979332,255.384460 
4.690000, 503.419866, 742.226257 , 549.516080,251.965157 
4.700000, 496.842002, 747.740187 , 552.018635,248.545853 
4.710000, 490.094013, 753.278884 , 554.486782,245.083622 
4.720000, 483.225005, 758.842003 , 556.920307,241.621391 
4.730000, 476.284853, 764.429198 , 559.319121,238.141346 
4.740000, 469.323882, 770.040119 , 561.683134,234.661301 
4.750000, 462.392549, 775.674420 , 564.012384,231.188668 
4.760000, 455.541121, 781.331752 , 566.306908,227.716034 
4.770000, 448.819362, 787.011771 , 568.566868,224.275991 
4.780000, 442.276212, 792.714132 , 570.792427,220.835947 
4.790000, 435.959480, 798.438492 , 572.983875,217.453465 
4.800000, 429.915540, 804.184513 , 575.141497,214.070984 
4.810000, 424.189035, 809.951859 , 577.265705,210.770671 
4.820000, 418.822600, 815.740200 , 579.356910,207.470359 
4.830000, 413.856583, 821.549210 , 581.415643,204.276302 
4.840000, 409.328798, 827.378567 , 583.442436,201.082245 
4.850000, 405.274280, 833.227958 , 585.437937,198.017857 
4.860000, 401.725065, 839.097074 , 587.402793,194.953469 
4.870000, 398.709986, 844.985614 , 589.337767,192.041341 
4.880000, 396.254490, 850.893285 , 591.243620,189.129213 
4.890000, 394.380478, 856.819804 , 593.121221,186.390970 
4.900000, 393.106166, 862.764892 , 594.971440,183.652728 
4.910000, 392.445968, 868.728285 , 596.795248,181.108895 
4.920000, 392.410408, 874.709726 , 598.593617,178.565063 
4.930000, 393.006047, 880.708967 , 600.367617,176.234932 
4.940000, 394.235449, 886.725773 , 602.118316,173.904801 
4.950000, 396.097160, 892.759921 , 603.846872,171.806309 
4.960000, 398.585719, 898.811196 , 605.554442,169.707818 
4.970000, 401.691691, 904.879399 , 607.242269,167.857435 
4.980000, 405.401728, 910.964342 , 608.911591,166.007052 
4.990000, 409.698655, 917.065849 , 610.563725,164.419674 
5.000000, 414.561574, 923.183758 , 612.199984,162.832296 
5.010000, 419.966003, 929.317921 , 613.821752,161.521153 
5.020000, 425.884027, 935.468203 , 615.430408,160.210010 
5.030000, 432.284475, 941.634485 , 617.027390,159.186581 
5.040000, 439.133119, 947.816659 , 618.614139,158.163152 
5.050000, 446.392890, 954.014636 , 620.192140,157.437093 
5.060000, 454.024113, 960.228338 , 621.762881,156.711034 
5.070000, 461.984761, 966.457704 , 623.327887,156.290115 
5.080000, 470.230715, 972.702689 , 624.888683,155.869196 
5.090000, 478.716052, 978.963262 , 626.446826,155.759254 
5.100000, 487.393329, 985.239408 , 628.003868,155.649312 
5.110000, 496.213887, 991.531128 , 629.561386,155.854214 
5.120000, 505.128160, 997.838439 , 631.120953,156.059115 
5.130000, 514.085987, 1004.161372 , 632.684152,156.580730 
5.140000, 523.036930, 1010.499977 , 634.252567,157.102344 
5.150000, 531.930598, 1016.854317 , 635.827782,157.940535 
5.160000, 540.716959, 1023.224471 , 637.411378,158.778726 
5.170000, 549.346664, 1029.610537 , 639.004928,159.931350 
5.180000, 557.771355, 1036.012624 , 640.610005,161.083974 
5.190000, 565.943975, 1042.430860 , 642.228159,162.546894 
5.200000, 573.819063, 1048.865388 , 643.860943,164.009815 
5.210000, 581.353045, 1055.316364 , 645.509877,165.776928 
5.220000, 588.504509, 1061.783962 , 647.176481,167.544042 
5.230000, 595.234467, 1068.268370 , 648.862238,169.607319 
5.240000, 601.506601, 1074.769791 , 650.568628,171.670595 
5.250000, 607.287498, 1081.288440 , 652.297081,174.020126 
5.260000, 612.546855, 1087.824551 , 654.049030,176.369657 
5.270000, 617.257677, 1094.378367 , 655.825847,178.993720 
5.280000, 621.396445, 1100.950149 , 657.628905,181.617783 
5.290000, 624.943265, 1107.540167 , 659.459508,184.502916 
5.300000, 627.881995, 1114.148708 , 661.318963,187.388049 
5.310000, 630.200348, 1120.776069 , 663.208499,190.519135 
5.320000, 631.889968, 1127.422561 , 665.129346,193.650220 
5.330000, 632.946484, 1134.088504 , 667.082650,197.010583 
5.340000, 633.369537, 1140.774232 , 669.069557,200.370945 
5.350000, 633.162785, 1147.480090 , 671.091124,203.942456 
5.360000, 632.333877, 1154.206431 , 673.148407,207.513966 
5.370000, 630.894402, 1160.953619 , 675.242362,211.277158 
5.380000, 628.859824, 1167.722030 , 677.373950,215.040349 
5.390000, 626.249375, 1174.512045 , 679.544024,218.974538 
5.400000, 623.085939, 1181.324056 , 681.753440,222.908728 
5.410000, 619.395902, 1188.158461 , 684.002945,226.992150 
5.420000, 615.208991, 1195.015668 , 686.293283,231.075572 
5.430000, 610.558081, 1201.896090 , 688.625089,235.285515 
5.440000, 605.478987, 1208.800145 , 690.998994,239.495458 
5.450000, 600.010238, 1215.728259 , 693.415513,243.808408 
5.460000, 594.192833, 1222.680861 , 695.875162,248.121358 
5.470000, 588.069982, 1229.658387 , 698.378334,252.513149 
5.480000, 581.686829, 1236.661273 , 700.925425,256.904940 
5.490000, 575.090168, 1243.689962 , 703.516704,261.350905 
5.500000, 568.328147, 1250.744897 , 706.152443,265.796870 
5.510000, 561.449962, 1257.826524 , 708.832787,270.271999 
5.520000, 554.505545, 1264.935290 , 711.557883,274.747129 
5.530000, 547.545248, 1272.071643 , 714.327750,279.226229 
5.540000, 540.619523, 1279.236030 , 717.142408,283.705329 
5.550000, 533.778604, 1286.428900 , 720.001750,288.163180 
5.560000, 527.072186, 1293.650697 , 722.905671,292.621031 
5.570000, 520.549114, 1300.901865 , 725.853939,297.032548 
5.580000, 514.257067, 1308.182847 , 728.846322,301.444065 
5.590000, 508.242264, 1315.494082 , 731.882465,305.784456 
5.600000, 502.549164, 1322.836003 , 734.962011,310.124848 
5.610000, 497.220188, 1330.209042 , 738.084484,314.369773 
5.620000, 492.295449, 1337.613623 , 741.249407,318.614699 
5.630000, 487.812499, 1345.050168 , 744.456182,322.740423 
5.640000, 483.806088, 1352.519090 , 747.704215,326.866147 
5.650000, 480.307947, 1360.020797 , 750.992794,330.849690 
5.660000, 477.346586, 1367.555688 , 754.321209,334.833234 
5.670000, 474.947111, 1375.124156 , 757.688638,338.652517 
5.680000, 473.131069, 1382.726584 , 761.094259,342.471800 
5.690000, 471.916307, 1390.363349 , 764.537147,346.105786 
5.700000, 471.316862, 1398.034814 , 768.016375,349.739772 
5.710000, 471.342873, 1405.741337 , 771.530917,353.168597 
5.720000, 472.000512, 1413.483262 , 775.079747,356.597422 
5.730000, 473.291949, 1421.260925 , 778.661747,359.802523 
5.740000, 475.215337, 1429.074648 , 782.275797,363.007625 
5.750000, 477.764824, 1436.924742 , 785.920695,365.971857 
5.760000, 480.930588, 1444.811508 , 789.595235,368.936090 
5.770000, 484.698904, 1452.735233 , 793.298134,371.643836 
5.780000, 489.052225, 1460.696189 , 797.028111,374.351581 
5.790000, 493.969299, 1468.694638 , 800.783813,376.788847 
5.800000, 499.425298, 1476.730826 , 804.563888,379.226113 
5.810000, 505.391980, 1484.804988 , 808.366922,381.380621 
5.820000, 511.837867, 1492.917341 , 812.191501,383.535129 
5.830000, 518.728443, 1501.068091 , 816.036158,385.396392 
5.840000, 526.026373, 1509.257428 , 819.899428,387.257655 
5.850000, 533.691740, 1517.485525 , 823.779802,388.817047 
5.860000, 541.682300, 1525.752542 , 827.675769,390.376438 
5.870000, 549.953746, 1534.058625 , 831.585788,391.627242 
5.880000, 558.459992, 1542.403902 , 835.508314,392.878047 
5.890000, 567.153462, 1550.788486 , 839.441782,393.815507 
5.900000, 575.985396, 1559.212475 , 843.384624,394.752966 
5.910000, 584.906155, 1567.675951 , 847.335261,395.374308 
5.920000, 593.865537, 1576.178980 , 851.292111,395.995649 
5.930000, 602.813095, 1584.721613 , 855.253589,396.300104 
5.940000, 611.698458, 1593.303882 , 859.218113,396.604559 
5.950000, 620.471647, 1601.925808 , 863.184102,396.593366 
5.960000, 629.083397, 1610.587394 , 867.149980,396.582173 
5.970000, 637.485464, 1619.288625 , 871.114184,396.258573 
5.980000, 645.630933, 1628.029474 , 875.075151,395.934973 
5.990000, 653.474517, 1636.809897 , 879.031347,395.304185 
6.000000, 660.972841, 1645.629835 , 882.981235,394.673397 
6.010000, 668.084718, 1654.489212 , 886.923315,393.742588 
6.020000, 674.771411, 1663.387941 , 890.856087,392.811780 
6.030000, 680.996878, 1672.325917 , 894.778096,391.590019 
6.040000, 686.728000, 1681.303022 , 898.687887,390.368259 
6.050000, 691.934790, 1690.319122 , 902.584061,388.866458 
6.060000, 696.590587, 1699.374071 , 906.465216,387.364658 
6.070000, 700.672219, 1708.467709 , 910.330017,385.595506 
6.080000, 704.160156, 1717.599863 , 914.177127,383.826353 
6.090000, 707.038628, 1726.770345 , 918.005279,381.804231 
6.100000, 709.295731, 1735.978958 , 921.813211,379.782108 
6.110000, 710.923495, 1745.225489 , 925.599737,377.523000 
6.120000, 711.917943, 1754.509716 , 929.363671,375.263893 
6.130000, 712.279110, 1763.831404 , 933.103917,372.785287 
6.140000, 712.011044, 1773.190309 , 936.819377,370.306682 
6.150000, 711.121784, 1782.586175 , 940.509048,367.627457 
6.160000, 709.623302, 1792.018738 , 944.171926,364.948233 
6.170000, 707.531434, 1801.487721 , 947.807110,362.088539 
6.180000, 704.865777, 1810.992841 , 951.413697,359.228845 
6.190000, 701.649563, 1820.533807 , 954.990891,356.209975 
6.200000, 697.909516, 1830.110319 , 958.537896,353.191105 
6.210000, 693.675677, 1839.722069 , 962.054029,350.035363 
6.220000, 688.981218, 1849.368743 , 965.538604,346.879621 
6.230000, 683.862232, 1859.050023 , 968.991053,343.610175 
6.240000, 678.357500, 1868.765581 , 972.410807,340.340730 
6.250000, 672.508249, 1878.515089 , 975.797418,336.981473 
6.260000, 666.357891, 1888.298211 , 979.150437,333.622216 
6.270000, 659.951743, 1898.114608 , 982.469536,330.197607 
6.280000, 653.336747, 1907.963940 , 985.754389,326.772998 
6.290000, 646.561167, 1917.845862 , 989.004793,323.307911 
6.300000, 639.674283, 1927.760028 , 992.220547,319.842824 
6.310000, 632.726084, 1937.706091 , 995.401573,316.362390 
6.320000, 625.766945, 1947.683704 , 998.547795,312.881956 
6.330000, 618.847311, 1957.692518 , 1001.659261,309.411404 
6.340000, 612.017377, 1967.732186 , 1004.736023,305.940851 
6.350000, 605.326769, 1977.802363 , 1007.778254,302.505345 
6.360000, 598.824231, 1987.902704 , 1010.786130,299.069839 
6.370000, 592.557313, 1998.032869 , 1013.759950,295.694323 
6.380000, 586.572073, 2008.192519 , 1016.700016,292.318806 
6.390000, 580.912784, 2018.381320 , 1019.606749,289.027843 
6.400000, 575.621653, 2028.598941 , 1022.480573,285.736879 
6.410000, 570.738552, 2038.845058 , 1025.322030,282.554496 
6.420000, 566.300770, 2049.119350 , 1028.131663,279.372112 
6.430000, 562.342770, 2059.421506 , 1030.910132,276.321648 
6.440000, 558.895977, 2069.751217 , 1033.658096,273.271184 
6.450000, 555.988574, 2080.108184 , 1036.376327,270.375141 
6.460000, 553.645327, 2090.492117 , 1039.065599,267.479099 
6.470000, 551.887425, 2100.902732 , 1041.726789,264.759003 
6.480000, 550.732348, 2111.339755 , 1044.360779,262.038906 
6.490000, 550.193755, 2121.802921 , 1046.968549,259.515165 
6.500000, 550.281396, 2132.291975 , 1049.551082,256.991424 
6.510000, 551.001056, 2142.806674 , 1052.109455,254.683202 
6.520000, 552.354510, 2153.346783 , 1054.644746,252.374981 
6.530000, 554.339519, 2163.912081 , 1057.158121,250.300078 
6.540000, 556.949839, 2174.502357 , 1059.650748,248.225174 
6.550000, 560.175264, 2185.117413 , 1062.123873,246.399909 
6.560000, 564.001690, 2195.757063 , 1064.578746,244.574643 
6.570000, 568.411202, 2206.421135 , 1067.016688,243.013753 
6.580000, 573.382192, 2217.109470 , 1069.439021,241.452863 
6.590000, 578.889490, 2227.821921 , 1071.847132,240.169411 
6.600000, 584.904529, 2238.558356 , 1074.242409,238.885959 
6.610000, 591.395525, 2249.318660 , 1076.626295,237.891247 
6.620000, 598.327674, 2260.102727 , 1079.000234,236.896536 
6.630000, 605.663380, 2270.910471 , 1081.365717,236.200039 
6.640000, 613.362486, 2281.741817 , 1083.724235,235.503542 
6.650000, 621.382533, 2292.596707 , 1086.077317,235.112843 
6.660000, 629.679029, 2303.475099 , 1088.426492,234.722144 
6.670000, 638.205727, 2314.376965 , 1090.773317,234.642888 
6.680000, 646.914923, 2325.302294 , 1093.119349,234.563632 
6.690000, 655.757757, 2336.251088 , 1095.466165,234.799490 
6.700000, 664.684521, 2347.223369 , 1097.815339,235.035349 
6.710000, 673.644974, 2358.219171 , 1100.168456,235.587996 
6.720000, 682.588663, 2369.238545 , 1102.527099,236.140644 
6.730000, 691.465242, 2380.281559 , 1104.892851,237.009746 
6.740000, 700.224787, 2391.348296 , 1107.267294,237.878848 
6.750000, 708.818119, 2402.438854 , 1109.651999,239.062066 
6.760000, 717.197112, 2413.553348 , 1112.048535,240.245284 
6.770000, 725.314996, 2424.691908 , 1114.458453,241.738287 
6.780000, 733.126660, 2435.854679 , 1116.883301,243.231290 
6.790000, 740.588930, 2447.041821 , 1119.324597,245.027785 
6.800000, 747.660849, 2458.253512 , 1121.783857,246.824280 
6.810000, 754.303932, 2469.489941 , 1124.262558,248.916049 
6.820000, 760.482414, 2480.751313 , 1126.762178,251.007819 
6.830000, 766.163473, 2492.037850 , 1129.284141,253.384774 
6.840000, 771.317442, 2503.349784 , 1131.829873,255.761729 
6.850000, 775.917991, 2514.687365 , 1134.400742,258.411974 
6.860000, 779.942300, 2526.050852 , 1136.998113,261.062219 
6.870000, 783.371202, 2537.440522 , 1139.623284,263.972125 
6.880000, 786.189303, 2548.856662 , 1142.277555,266.882031 
6.890000, 788.385078, 2560.299572 , 1144.962147,270.036324 
6.900000, 789.950949, 2571.769565 , 1147.678282,273.190618 
6.910000, 790.883329, 2583.266963 , 1150.427097,276.572476 
6.920000, 791.182648, 2594.792104 , 1153.209731,279.954334 
6.930000, 790.853346, 2606.345333 , 1156.027230,283.545491 
6.940000, 789.903848, 2617.927006 , 1158.880641,287.136648 
6.950000, 788.346510, 2629.537489 , 1161.770912,290.917513 
6.960000, 786.197541, 2641.177159 , 1164.698991,294.698377 
6.970000, 783.476899, 2652.846399 , 1167.665724,298.648155 
6.980000, 780.208165, 2664.545603 , 1170.671954,302.597932 
6.990000, 776.418394, 2676.275171 , 1173.718418,306.694758 
7.000000, 772.137945, 2688.035511 , 1176.805850,310.791585 
7.010000, 767.400284, 2699.827037 , 1179.934871,315.012662 
7.020000, 762.241777, 2711.650170 , 1183.106103,319.233740 
7.030000, 756.701458, 2723.505336 , 1186.320049,323.555486 
7.040000, 750.820777, 2735.392965 , 1189.577213,327.877231 
7.050000, 744.643346, 2747.313493 , 1192.877976,332.275421 
7.060000, 738.214655, 2759.267358 , 1196.222721,336.673612 
7.070000, 731.581787, 2771.255003 , 1199.611707,341.123541 
7.080000, 724.793120, 2783.276871 , 1203.045192,345.573470 
7.090000, 717.898017, 2795.333409 , 1206.523310,350.050103 
7.100000, 710.946519, 2807.425064 , 1210.046194,354.526735 
7.110000, 703.989021, 2819.552283 , 1213.613852,359.004868 
7.120000, 697.075959, 2831.715515 , 1217.226291,363.483000 
7.130000, 690.257486, 2843.915206 , 1220.883393,367.937419 
7.140000, 683.583156, 2856.151802 , 1224.585040,372.391838 
7.150000, 677.101607, 2868.425747 , 1228.330986,376.797480 
7.160000, 670.860260, 2880.737482 , 1232.120989,381.203122 
7.170000, 664.905008, 2893.087445 , 1235.954681,385.535233 
7.180000, 659.279935, 2905.476069 , 1239.831694,389.867344 
7.190000, 654.027031, 2917.903785 , 1243.751539,394.101637 
7.200000, 649.185926, 2930.371017 , 1247.713727,398.335929 
7.210000, 644.793642, 2942.878183 , 1251.717650,402.448734 
7.220000, 640.884355, 2955.425698 , 1255.762701,406.561540 
7.230000, 637.489180, 2968.013966 , 1259.848159,410.529961 
7.240000, 634.635973, 2980.643386 , 1263.973301,414.498381 
7.250000, 632.349157, 2993.314349 , 1268.137295,418.300434 
7.260000, 630.649563, 3006.027237 , 1272.339309,422.102487 
7.270000, 629.554302, 3018.782423 , 1276.578408,425.717244 
7.280000, 629.076653, 3031.580272 , 1280.853654,429.332001 
7.290000, 629.225981, 3044.421136 , 1285.164013,432.739720 
7.300000, 630.007678, 3057.305359 , 1289.508448,436.147439 
7.310000, 631.423128, 3070.233274 , 1293.885834,439.329692 
7.320000, 633.469697, 3083.205202 , 1298.295042,442.511944 
7.330000, 636.140753, 3096.221451 , 1302.734861,445.451730 
7.340000, 639.425704, 3109.282318 , 1307.204077,448.391516 
7.350000, 643.310068, 3122.388089 , 1311.701401,451.073371 
7.360000, 647.775564, 3135.539034 , 1316.225544,453.755226 
7.370000, 652.800228, 3148.735412 , 1320.775147,456.165323 
7.380000, 658.358551, 3161.977466 , 1325.348851,458.575419 
7.390000, 664.421642, 3175.265427 , 1329.945236,460.701651 
7.400000, 670.957413, 3188.599512 , 1334.562884,462.827882 
7.410000, 677.930776, 3201.979922 , 1339.200323,464.659942 
7.420000, 685.303872, 3215.406843 , 1343.856083,466.492001 
7.430000, 693.036310, 3228.880448 , 1348.528650,468.021445 
7.440000, 701.085418, 3242.400894 , 1353.216512,469.550890 
7.450000, 709.406519, 3255.968321 , 1357.918122,470.771195 
7.460000, 717.953212, 3269.582856 , 1362.631935,471.991500 
7.470000, 726.677666, 3283.244608 , 1367.356383,472.898100 
7.480000, 735.530923, 3296.953673 , 1372.089897,473.804701 
7.490000, 744.463210, 3310.710130 , 1376.830896,474.395019 
7.500000, 753.424250, 3324.514041 , 1381.577798,474.985338 
7.510000, 762.363588, 3338.365453 , 1386.329019,475.258802 
7.520000, 771.230903, 3352.264398 , 1391.082974,475.532267 
7.530000, 779.976333, 3366.210891 , 1395.838087,475.490312 
7.540000, 788.550786, 3380.204932 , 1400.592780,475.448358 
7.550000, 796.906255, 3394.246505 , 1405.345494,475.094421 
7.560000, 804.996123, 3408.335579 , 1410.094669,474.740483 
7.570000, 812.775452, 3422.472106 , 1414.838771,474.079975 
7.580000, 820.201276, 3436.656025 , 1419.576268,473.419466 
7.590000, 827.232867, 3450.887258 , 1424.305664,472.459741 
7.600000, 833.831997, 3465.165713 , 1429.025463,471.500017 
7.610000, 839.963179, 3479.491284 , 1433.734215,470.250328 
7.620000, 845.593892, 3493.863848 , 1438.430469,469.000639 
7.630000, 850.694785, 3508.283270 , 1443.112833,467.472075 
7.640000, 855.239868, 3522.749402 , 1447.779911,465.943512 
7.650000, 859.206671, 3537.262079 , 1452.430373,464.148931 
7.660000, 862.576391, 3551.821127 , 1457.062890,462.354350 
7.670000, 865.334009, 3566.426355 , 1461.676203,460.308294 
7.680000, 867.468384, 3581.077564 , 1466.269055,458.262239 
7.690000, 868.972327, 3595.774539 , 1470.840271,455.980846 
7.700000, 869.842645, 3610.517054 , 1475.388672,453.699453 
7.710000, 870.080158, 3625.304875 , 1479.913171,451.200351 
7.720000, 869.689700, 3640.137753 , 1484.412679,448.701249 
7.730000, 868.680083, 3655.015431 , 1488.886203,446.003446 
7.740000, 867.064045, 3669.937642 , 1493.332748,443.305644 
7.750000, 864.858166, 3684.904110 , 1497.751424,440.429408 
7.760000, 862.082764, 3699.914548 , 1502.141336,437.553172 
7.770000, 858.761769, 3714.968664 , 1506.501702,434.519902 
7.780000, 854.922566, 3730.066157 , 1510.831734,431.486632 
7.790000, 850.595828, 3745.206717 , 1515.130761,428.318722 
7.800000, 845.815314, 3760.390029 , 1519.398109,425.150812 
7.810000, 840.617661, 3775.615774 , 1523.633221,421.871508 
7.820000, 835.042151, 3790.883623 , 1527.835539,418.592205 
7.830000, 829.130460, 3806.193247 , 1532.004627,415.225461 
7.840000, 822.926392, 3821.544309 , 1536.140048,411.858718 
7.850000, 816.475609, 3836.936470 , 1540.241487,408.429042 
7.860000, 809.825333, 3852.369389 , 1544.308629,404.999366 
7.870000, 803.024052, 3867.842720 , 1548.341284,401.531664 
7.880000, 796.121210, 3883.356117 , 1552.339262,398.063962 
7.890000, 789.166895, 3898.909234 , 1556.302499,394.583382 
7.900000, 782.211523, 3914.501723 , 1560.230930,391.102801 
7.910000, 775.305515, 3930.133235 , 1564.124617,387.634571 
7.920000, 768.498978, 3945.803423 , 1567.983621,384.166340 
7.930000, 761.841391, 3961.511943 , 1571.808131,380.735611 
7.940000, 755.381288, 3977.258451 , 1575.598334,377.304881 
7.950000, 749.165950, 3993.042606 , 1579.354541,373.936566 
7.960000, 743.241110, 4008.864070 , 1583.077065,370.568250 
7.970000, 737.650656, 4024.722511 , 1586.766341,367.286866 
7.980000, 732.436358, 4040.617597 , 1590.422802,364.005482 
7.990000, 727.637605, 4056.549007 , 1594.047005,360.834996 
8.000000, 723.291147, 4072.516421 , 1597.639502,357.664510 
8.010000, 719.430870, 4088.519527 , 1601.200966,354.628185 
8.020000, 716.087580, 4104.558020 , 1604.732066,351.591860 
8.030000, 713.288804, 4120.631602 , 1608.233586,348.712110 
8.040000, 711.058619, 4136.739983 , 1611.706308,345.832360 
8.050000, 709.417497, 4152.882882 , 1615.151123,343.130606 
8.060000, 708.382179, 4169.060027 , 1618.568920,340.428851 
8.070000, 707.965563, 4185.271154 , 1621.960691,337.925385 
8.080000, 708.176630, 4201.516012 , 1625.327428,335.421919 
8.090000, 709.020378, 4217.794357 , 1628.670216,333.135778 
8.100000, 710.497798, 4234.105959 , 1631.990144,330.849636 
8.110000, 712.605864, 4250.450597 , 1635.288384,328.798477 
8.120000, 715.337554, 4266.828064 , 1638.566113,326.747319 
8.130000, 718.681892, 4283.238163 , 1641.824586,324.947312 
8.140000, 722.624019, 4299.680713 , 1645.065059,323.147306 
8.150000, 727.145288, 4316.155542 , 1648.288861,321.613029 
8.160000, 732.223382, 4332.662494 , 1651.497320,320.078753 
8.170000, 737.832453, 4349.201426 , 1654.691829,318.823099 
8.180000, 743.943289, 4365.772209 , 1657.873782,317.567445 
8.190000, 750.523497, 4382.374728 , 1661.044627,316.601542 
8.200000, 757.537711, 4399.008883 , 1664.205813,315.635639 
8.210000, 764.947811, 4415.674589 , 1667.358835,314.968777 
8.220000, 772.713170, 4432.371775 , 1670.505188,314.301915 
8.230000, 780.790911, 4449.100386 , 1673.646405,313.941490 
8.240000, 789.136173, 4465.860382 , 1676.784018,313.581065 
8.250000, 797.702402, 4482.651739 , 1679.919586,313.532530 
8.260000, 806.441644, 4499.474448 , 1683.054669,313.483995 
8.270000, 815.304847, 4516.328516 , 1686.190843,313.750827 
8.280000, 824.242174, 4533.213966 , 1689.329685,314.017659 
8.290000, 833.203318, 4550.130836 , 1692.472780,314.601336 
8.300000, 842.137822, 4567.079181 , 1695.621712,315.185013 
8.310000, 850.995396, 4584.059070 , 1698.778062,316.085004 
8.320000, 859.726239, 4601.070591 , 1701.943412,316.984995 
8.330000, 868.281352, 4618.113845 , 1705.119331,318.198765 
8.340000, 876.612852, 4635.188948 , 1708.307387,319.412536 
8.350000, 884.674271, 4652.296035 , 1711.509128,320.935561 
8.360000, 892.420854, 4669.435254 , 1714.726099,322.458587 
8.370000, 899.809841, 4686.606768 , 1717.959813,324.284384 
8.380000, 906.800738, 4703.810756 , 1721.211786,326.110181 
8.390000, 913.355575, 4721.047411 , 1724.483489,328.230347 
8.400000, 919.439145, 4738.316943 , 1727.776393,330.350512 
8.410000, 925.019230, 4755.619573 , 1731.091920,332.754777 
8.420000, 930.066799, 4772.955539 , 1734.431489,335.159043 
8.430000, 934.556199, 4790.325091 , 1737.796461,337.835338 
8.440000, 938.465316, 4807.728494 , 1741.188195,340.511634 
8.450000, 941.775709, 4825.166024 , 1744.607984,343.446167 
8.460000, 944.472737, 4842.637973 , 1748.057119,346.380700 
8.470000, 946.545644, 4860.144642 , 1751.536813,349.558040 
8.480000, 947.987629, 4877.686346 , 1755.048280,352.735381 
8.490000, 948.795891, 4895.263411 , 1758.592649,356.138559 
8.500000, 948.971645, 4912.876176 , 1762.171051,359.541737 
8.510000, 948.520116, 4930.524987 , 1765.784521,363.152353 
8.520000, 947.450503, 4948.210204 , 1769.434098,366.762969 
8.530000, 945.775923, 4965.932195 , 1773.120719,370.561307 
8.540000, 943.513329, 4983.691337 , 1776.845324,374.359645 
8.550000, 940.683397, 5001.488016 , 1780.608746,378.324801 
8.560000, 937.310403, 5019.322626 , 1784.411820,382.289957 
8.570000, 933.422063, 5037.195570 , 1788.255270,386.399969 
8.580000, 929.049359, 5055.107257 , 1792.139819,390.509980 
8.590000, 924.226343, 5073.058102 , 1796.066079,394.741967 
8.600000, 918.989921, 5091.048527 , 1800.034659,398.973953 
8.610000, 913.379621, 5109.078959 , 1804.046050,403.304262 
8.620000, 907.437338, 5127.149830 , 1808.100744,407.634570 
8.630000, 901.207072, 5145.261575 , 1812.199111,412.038923 
8.640000, 894.734650, 5163.414635 , 1816.341522,416.443277 
8.650000, 888.067431, 5181.609450 , 1820.528223,420.896930 
8.660000, 881.254010, 5199.846467 , 1824.759461,425.350583 
8.670000, 874.343909, 5218.126130 , 1829.035356,429.828477 
8.680000, 867.387262, 5236.448889 , 1833.356031,434.306370 
8.690000, 860.434499, 5254.815190 , 1837.721479,438.783293 
8.700000, 853.536024, 5273.225482 , 1842.131696,443.260216 
8.710000, 846.741898, 5291.680210 , 1846.586552,447.710963 
8.720000, 840.101520, 5310.179821 , 1851.085916,452.161709 
8.730000, 833.663315, 5328.724757 , 1855.629530,456.561239 
8.740000, 827.474427, 5347.315459 , 1860.217140,460.960769 
8.750000, 821.580418, 5365.952365 , 1864.848366,465.284367 
8.760000, 816.024983, 5384.635907 , 1869.522828,469.607965 
8.770000, 810.849671, 5403.366514 , 1874.240025,473.831397 
8.780000, 806.093620, 5422.144610 , 1878.999456,478.054829 
8.790000, 801.793313, 5440.970613 , 1883.800502,482.154496 
8.800000, 797.982343, 5459.844933 , 1888.642546,486.254163 
8.810000, 794.691202, 5478.767976 , 1893.524853,490.207250 
8.820000, 791.947088, 5497.740138 , 1898.446691,494.160338 
8.830000, 789.773730, 5516.761809 , 1903.407217,497.944960 
8.840000, 788.191241, 5535.833369 , 1908.405590,501.729581 
8.850000, 787.215989, 5554.955189 , 1913.440862,505.324920 
8.860000, 786.860494, 5574.127632 , 1918.512088,508.920258 
8.870000, 787.133346, 5593.351049 , 1923.618223,512.306695 
8.880000, 788.039155, 5612.625781 , 1928.758222,515.693132 
8.890000, 789.578516, 5631.952159 , 1933.930950,518.852372 
8.900000, 791.748012, 5651.330501 , 1939.135270,522.011613 
8.910000, 794.540231, 5670.761114 , 1944.369962,524.926804 
8.920000, 797.943813, 5690.244292 , 1949.633806,527.841994 
8.930000, 801.943524, 5709.780318 , 1954.925505,530.497826 
8.940000, 806.520353, 5729.369460 , 1960.243762,533.153659 
8.950000, 811.651629, 5749.011974 , 1965.587213,535.536470 
8.960000, 817.311167, 5768.708100 , 1970.954492,537.919281 
8.970000, 823.469437, 5788.458068 , 1976.344174,540.017137 
8.980000, 830.093744, 5808.262089 , 1981.754834,542.114994 
8.990000, 837.148442, 5828.120364 , 1987.184998,543.917768 
9.000000, 844.595156, 5848.033075 , 1992.633190,545.720542 
9.010000, 852.393027, 5868.000393 , 1998.097892,547.219977 
9.020000, 860.498969, 5888.022469 , 2003.577589,548.719412 
9.030000, 868.867946, 5908.099444 , 2009.070732,549.909174 
9.040000, 877.453251, 5928.231439 , 2014.575773,551.098936 
9.050000, 886.206811, 5948.418562 , 2020.091141,551.974652 
9.060000, 895.079482, 5968.660904 , 2025.615266,552.850369 
9.070000, 904.021367, 5988.958542 , 2031.146566,553.409659 
9.080000, 912.982131, 6009.311534 , 2036.683459,553.968949 
9.090000, 921.911318, 6029.719925 , 2042.224361,554.211437 
9.100000, 930.758673, 6050.183744 , 2047.767688,554.453924 
9.110000, 939.474459, 6070.703002 , 2053.311864,554.381242 
9.120000, 948.009774, 6091.277697 , 2058.855313,554.308560 
9.130000, 956.316859, 6111.907808 , 2064.396477,553.924337 
9.140000, 964.349400, 6132.593303 , 2069.933799,553.540114 
9.150000, 972.062826, 6153.334131 , 2075.465750,552.849955 
9.160000, 979.414588, 6174.130226 , 2080.990798,552.159796 
9.170000, 986.364427, 6194.981509 , 2086.507454,551.171244 
9.180000, 992.874633, 6215.887884 , 2092.014223,550.182692 
9.190000, 998.910283, 6236.849242 , 2097.509663,548.905181 
9.200000, 1004.439460, 6257.865459 , 2102.992327,547.627670 
9.210000, 1009.433459, 6278.936396 , 2108.460828,546.072467 
9.220000, 1013.866966, 6300.061901 , 2113.913776,544.517263 
9.230000, 1017.718218, 6321.241810 , 2119.349849,542.697393 
9.240000, 1020.969145, 6342.475942 , 2124.767724,540.877523 
9.250000, 1023.605481, 6363.764108 , 2130.166150,538.807690 
9.260000, 1025.616853, 6385.106102 , 2135.543878,536.737856 
9.270000, 1026.996853, 6406.501710 , 2140.899739,534.434347 
9.280000, 1027.743071, 6427.950703 , 2146.232565,532.130838 
9.290000, 1027.857117, 6449.452844 , 2151.541276,529.611421 
9.300000, 1027.344604, 6471.007884 , 2156.824793,527.092005 
9.310000, 1026.215121, 6492.615562 , 2162.082132,524.375819 
9.320000, 1024.482162, 6514.275609 , 2167.312310,521.659632 
9.330000, 1022.163050, 6535.987748 , 2172.514443,518.767060 
9.340000, 1019.278822, 6557.751692 , 2177.687651,515.874488 
9.350000, 1015.854096, 6579.567145 , 2182.831158,512.827033 
9.360000, 1011.916915, 6601.433804 , 2187.944191,509.779577 
9.370000, 1007.498572, 6623.351360 , 2193.026088,506.599722 
9.380000, 1002.633407, 6645.319497 , 2198.076186,503.419866 
9.390000, 997.358596, 6667.337892 , 2203.093940,500.130934 
9.400000, 991.713907, 6689.406218 , 2208.078805,496.842002 
9.410000, 985.741454, 6711.524142 , 2213.030355,493.468007 
9.420000, 979.485430, 6733.691329 , 2217.948165,490.094013 
9.430000, 972.991822, 6755.907439 , 2222.831932,486.659509 
9.440000, 966.308126, 6778.172129 , 2227.681355,483.225005 
9.450000, 959.483041, 6800.485055 , 2232.496255,479.754929 
9.460000, 952.566161, 6822.845869 , 2237.276453,476.284853 
9.470000, 945.607666, 6845.254224 , 2242.021900,472.804368 
9.480000, 938.657995, 6867.709773 , 2246.732541,469.323882 
9.490000, 931.767534, 6890.212168 , 2251.408451,465.858215 
9.500000, 924.986292, 6912.761061 , 2256.049705,462.392549 
9.510000, 918.363588, 6935.356109 , 2260.656502,458.966835 
9.520000, 911.947734, 6957.996969 , 2265.229042,455.541121 
9.530000, 905.785731, 6980.683298 , 2269.767649,452.180241 
9.540000, 899.922973, 7003.414762 , 2274.272647,448.819362 
9.550000, 894.402957, 7026.191028 , 2278.744482,445.547787 
9.560000, 889.267004, 7049.011766 , 2283.183602,442.276212 
9.570000, 884.554007, 7071.876654 , 2287.590573,439.117846 
9.580000, 880.300173, 7094.785375 , 2291.965959,435.959480 
9.590000, 876.538802, 7117.737619 , 2296.310444,432.937510 
9.600000, 873.300071, 7140.733080 , 2300.624710,429.915540 
9.610000, 870.610845, 7163.771463 , 2304.909549,427.052288 
9.620000, 868.494507, 7186.852480 , 2309.165755,424.189035 
9.630000, 866.970808, 7209.975852 , 2313.394230,421.505817 
9.640000, 866.055743, 7233.141306 , 2317.595872,418.822600 
9.650000, 865.761450, 7256.348583 , 2321.771683,416.339591 
9.660000, 866.096133, 7279.597433 , 2325.922663,413.856583 
9.670000, 867.064007, 7302.887614 , 2330.049910,411.592690 
9.680000, 868.665278, 7326.218897 , 2334.154517,409.328798 
9.690000, 870.896132, 7349.591066 , 2338.237669,407.301539 
9.700000, 873.748771, 7373.003914 , 2342.300548,405.274280 
9.710000, 877.211451, 7396.457249 , 2346.344418,403.499673 
9.720000, 881.268564, 7419.950889 , 2350.370541,401.725065 
9.730000, 885.900735, 7443.484667 , 2354.380254,400.217526 
9.740000, 891.084941, 7467.058430 , 2358.374892,398.709986 
9.750000, 896.794664, 7490.672036 , 2362.355853,397.482238 
9.760000, 903.000054, 7514.325359 , 2366.324537,396.254490 
9.770000, 909.668119, 7538.018289 , 2370.282397,395.317484 
9.780000, 916.762933, 7561.750726 , 2374.230886,394.380478 
9.790000, 924.245869, 7585.522590 , 2378.171505,393.743322 
9.800000, 932.075838, 7609.333812 , 2382.105753,393.106166 
9.810000, 940.209550, 7633.184340 , 2386.035164,392.776067 
9.820000, 948.601793, 7657.074137 , 2389.961274,392.445968 
9.830000, 957.205714, 7681.003183 , 2393.885645,392.428188 
9.840000, 965.973120, 7704.971471 , 2397.809838,392.410408 
9.850000, 974.854780, 7728.979011 , 2401.735431,392.708227 
9.860000, 983.800741, 7753.025830 , 2405.664003,393.006047 
9.870000, 992.760641, 7777.111968 , 2409.597137,393.620748 
9.880000, 1001.684030, 7801.237484 , 2413.536418,394.235449 
9.890000, 1010.520689, 7825.402451 , 2417.483426,395.166305 
9.900000, 1019.220949, 7849.606958 , 2421.439744,396.097160 
9.910000, 1027.736007, 7873.851109 , 2425.406937,397.341440 
9.920000, 1036.018232, 7898.135026 , 2429.386572,398.585719 
9.930000, 1044.021469, 7922.458843 , 2433.380195,400.138705 
9.940000, 1051.701330, 7946.822714 , 2437.389347,401.691691 
9.950000, 1059.015480, 7971.226804 , 2441.415539,403.546710 
9.960000, 1065.923899, 7995.671295 , 2445.460281,405.401728 
9.970000, 1072.389140, 8020.156383 , 2449.525040,407.550191 
9.980000, 1078.376563, 8044.682281 , 2453.611285,409.698655 
9.990000, 1083.854558, 8069.249212 , 2457.720428,412.130114 
