t,a
0,0.00897
0.02,0.02334
0.04,0.02476
0.06,0.00827
0.08,-0.00324
0.1,-0.01868
0.12,-0.01473
0.14,0.00157
0.16,0.0038
0.18,0.00276
0.2,-0.01445
0.22,-0.02409
0.24,-0.01557
0.26,-0.00708
0.28,0.00366
0.3,-0.01842
0.32,-0.04163
0.34,-0.02422
0.36,-0.00173
0.38,0.0019
0.4,0.00647
0.42,-0.00038
0.44,-0.01676
0.46,-0.0228
0.48,-0.01682
0.5,0.00219
0.52,0.02012
0.54,0.02352
0.56,0.00882
0.58,0.00159
0.6,0.00748
0.62,-0.01856
0.64,-0.04277
0.66,-0.00193
0.68,0.00576
0.7,0.00308
0.72,0.00132
0.74,0.01214
0.76,0.02548
0.78,-0.02257
0.8,-0.02143
0.82,0.02805
0.84,0.02123
0.86,-0.00083
0.88,0.01057
0.9,0.03138
0.92,0.01442
0.94,-0.02408
0.96,-0.0138
0.98,0.02325
1,0.01985
1.02,0.00503
1.04,0.0301
1.06,0.01074
1.08,-0.02413
1.1,-0.00622
1.12,0.00066
1.14,0.00381
1.16,0.02348
1.18,-0.00404
1.2,0.00724
1.22,0.01708
1.24,-0.024
1.26,-0.01198
1.28,-0.00116
1.3,0.00093
1.32,-0.00152
1.34,0.03668
1.36,0.06024
1.38,0.00239
1.4,0.02255
1.42,0.03313
1.44,-0.03069
1.46,-0.03482
1.48,-0.01966
1.5,0.02515
1.52,0.02616
1.54,-0.00081
1.56,0.04702
1.58,0.04243
1.6,-0.00298
1.62,0.01025
1.64,0.01448
1.66,0.00134
1.68,-0.00357
1.7,0.01587
1.72,0.0124
1.74,-0.00108
1.76,-0.00947
1.78,-0.029
1.8,-0.02676
1.82,-0.03724
1.84,0.07206
1.86,0.12845
1.88,0.01403
1.9,-0.04772
1.92,-0.01477
1.94,0.0297
1.96,-0.0103
1.98,-0.03992
2,0.06086
2.02,0.0424
2.04,-0.0915
2.06,-0.0547
2.08,0.08072
2.1,0.02025
2.12,-0.06115
2.14,0.0491
2.16,0.10908
2.18,0.03101
2.2,-0.03274
2.22,0.06535
2.24,0.06867
2.26,-0.01654
2.28,-0.01893
2.3,-0.00302
2.32,0.01315
2.34,-0.01595
2.36,-0.02388
2.38,0.04019
2.4,0.0289
2.42,-0.05067
2.44,-0.06048
2.46,-0.01999
2.48,0.0523
2.5,0.04436
2.52,-0.03004
2.54,-0.10057
2.56,-0.09888
2.58,-0.05201
2.6,0.02357
2.62,-0.02121
2.64,-0.04464
2.66,0.04851
2.68,0.02193
2.7,-0.04209
2.72,-0.03485
2.74,0.04939
2.76,-0.00367
2.78,-0.03881
2.8,-0.00598
2.82,0.01435
2.84,-0.06289
2.86,-0.16769
2.88,-0.06689
2.9,0.01954
2.92,-0.04456
2.94,-0.05562
2.96,0.02163
2.98,0.04897
3,0.04937
3.02,0.09305
3.04,0.0164
3.06,-0.10805
3.08,-0.0807
3.1,0.0216
3.12,0.11415
3.14,0.12452
3.16,0.05993
3.18,-0.06534
3.2,-0.07126
3.22,0.01072
3.24,0.11339
3.26,0.10399
3.28,-0.03049
3.3,-0.11931
3.32,-0.05029
3.34,0.05538
3.36,-0.00154
3.38,-0.09846
3.4,-0.10605
3.42,-0.05933
3.44,0.01043
3.46,0.15511
3.48,0.04104
3.5,-0.14424
3.52,-0.1027
3.54,0.03298
3.56,0.10314
3.58,-0.00412
3.6,-0.04216
3.62,-0.00967
3.64,0.01725
3.66,0.03653
3.68,0.01751
3.7,0.05269
3.72,-0.07119
3.74,-0.12647
3.76,-0.0258
3.78,0.02163
3.8,-0.01022
3.82,-0.03527
3.84,0.07038
3.86,0.01847
3.88,-0.03761
3.9,-0.04211
3.92,0.03207
3.94,0.1097
3.96,0.09124
3.98,0.13155
4,0.06458
4.02,-0.05935
4.04,-0.11524
4.06,-0.06364
4.08,0.10388
4.1,0.07868
4.12,0.01594
4.14,0.02714
4.16,-0.02655
4.18,-0.04396
4.2,0.06597
4.22,0.10879
4.24,-0.02829
4.26,-0.07295
4.28,-0.04159
4.3,-0.0728
4.32,-0.18251
4.34,-0.17043
4.36,0.00041
4.38,0.08325
4.4,0.02503
4.42,0.05409
4.44,0.10594
4.46,0.09191
4.48,0.05466
4.5,0.05638
4.52,0.07489
4.54,-0.06392
4.56,-0.12339
4.58,-0.05429
4.6,-0.00977
4.62,0.05911
4.64,0.06732
4.66,-0.04005
4.68,-0.15106
4.7,-0.04798
4.72,0.15966
4.74,0.05661
4.76,-0.07423
4.78,-0.06925
4.8,0.01234
4.82,-0.01648
4.84,-0.07176
4.86,0.02909
4.88,0.04921
4.9,0.04654
4.92,-0.03592
4.94,0.02548
4.96,0.08779
4.98,-0.06281
5,-0.08353
5.02,-0.0406
5.04,-0.10837
5.06,-0.04335
5.08,0.15893
5.1,0.11973
5.12,-0.01544
5.14,-0.03707
5.16,-0.03455
5.18,0.06871
5.2,0.13164
5.22,0.04864
5.24,-0.10628
5.26,-0.14656
5.28,-0.03061
5.3,0.04145
5.32,0.04612
5.34,0.01232
5.36,0.03484
5.38,0.06203
5.4,0.05181
5.42,0.02307
5.44,0.05508
5.46,0.0554
5.48,-0.00369
5.5,-0.01072
5.52,-0.02441
5.54,0.01115
5.56,-0.0133
5.58,-0.02823
5.6,0.00179
5.62,0.0508
5.64,-0.03293
5.66,-0.13382
5.68,0.01704
5.7,0.25702
5.72,0.24363
5.74,-0.01771
5.76,-0.06365
5.78,-0.13665
5.8,-0.16516
5.82,0.0663
5.84,0.05106
5.86,-0.08
5.88,-0.0976
5.9,-0.05024
5.92,0.04946
5.94,0.08764
5.96,-0.04787
5.98,-0.11498
6,-0.06557
6.02,-0.05021
6.04,0.04015
6.06,0.10316
6.08,-0.03857
6.1,-0.10781
6.12,0.00979
6.14,0.09853
6.16,0.03647
6.18,-0.01749
6.2,0.00004
6.22,-0.03403
6.24,0.09595
6.26,0.1769
6.28,0.17673
6.3,0.01378
6.32,-0.09125
6.34,-0.07342
6.36,-0.1084
6.38,-0.03182
6.4,-0.01378
6.42,0.07274
6.44,0.01414
6.46,-0.15105
6.48,-0.13498
6.5,-0.0013
6.52,0.05698
6.54,0.04796
6.56,-0.00553
6.58,0.01533
6.6,-0.02128
6.62,-0.08846
6.64,-0.01036
6.66,-0.02529
6.68,-0.08672
6.7,-0.13115
6.72,-0.0406
6.74,0.0734
6.76,0.07337
6.78,-0.05764
6.8,-0.03184
6.82,0.0749
6.84,0.0141
6.86,-0.09461
6.88,-0.10499
6.9,-0.09399
6.92,0.04187
6.94,0.15833
6.96,0.05319
6.98,-0.03823
7,0.07681
7.02,0.21274
7.04,0.06722
7.06,-0.01068
7.08,0.0981
7.1,0.17063
7.12,0.00869
7.14,-0.19222
7.16,-0.10318
7.18,0.06852
7.2,0.05749
7.22,0.0487
7.24,0.05134
7.26,0.01495
7.28,-0.11484
7.3,-0.02067
7.32,0.24848
7.34,0.25869
7.36,-0.00845
7.38,-0.17606
7.4,-0.02121
7.42,0.13709
7.44,0.11135
7.46,0.04976
7.48,0.06222
7.5,-0.0571
7.52,0.00137
7.54,0.14511
7.56,0.05308
7.58,-0.0548
7.6,0.0837
7.62,0.09104
7.64,0.00957
7.66,-0.02438
7.68,-0.08858
7.7,0.00644
7.72,0.00841
7.74,0.04532
7.76,-0.01965
7.78,-0.14145
7.8,0.02511
7.82,0.12514
7.84,-0.08428
7.86,-0.00678
7.88,0.07089
7.9,-0.07358
7.92,-0.05423
7.94,0.01051
7.96,0.11474
7.98,-0.15928
8,-0.28114
8.02,-0.06247
8.04,0.16774
8.06,0.2098
8.08,0.13923
8.1,0.09579
8.12,-0.10073
8.14,-0.07269
8.16,0.17714
8.18,0.35252
8.2,0.09336
8.22,-0.18563
8.24,-0.03517
8.26,0.06138
8.28,0.02838
8.3,0.01572
8.32,0.00469
8.34,0.02453
8.36,-0.04546
8.38,0.04188
8.4,-0.1077
8.42,-0.13975
8.44,0.04502
8.46,0.06276
8.48,0.17939
8.5,0.08143
8.52,-0.03173
8.54,-0.15146
8.56,-0.12036
8.58,-0.02769
8.6,-0.04109
8.62,-0.03694
8.64,-0.11909
8.66,-0.12932
8.68,-0.04486
8.7,0.07845
8.72,0.11849
8.74,-0.02276
8.76,0.04359
8.78,0.19545
8.8,0.17136
8.82,0.15682
8.84,0.10488
8.86,0.16128
8.88,0.04881
8.9,-0.02391
8.92,0.19507
8.94,0.13043
8.96,-0.03166
8.98,-0.10404
9,0.03989
9.02,0.00213
9.04,-0.03817
9.06,0.0818
9.08,0.03348
9.1,-0.10221
9.12,-0.18094
9.14,-0.10752
9.16,0.09293
9.18,0.25564
9.2,0.06072
9.22,-0.18121
9.24,-0.19682
9.26,0.0308
9.28,0.09397
9.3,0.0529
9.32,-0.01362
9.34,-0.02729
9.36,-0.03744
9.38,-0.01835
9.4,-0.02959
9.42,0.07591
9.44,0.11857
9.46,0.08799
9.48,-0.02583
9.5,-0.04072
9.52,0.05696
9.54,-0.00295
9.56,-0.13856
9.58,-0.21554
9.6,0.05047
9.62,0.20919
9.64,0.16325
9.66,-0.10264
9.68,-0.24552
9.7,-0.29117
9.72,-0.29596
9.74,-0.17305
9.76,-0.03837
9.78,0.00515
9.8,0.02652
9.82,0.0744
9.84,0.04763
9.86,0.06963
9.88,0.15885
9.9,0.22287
9.92,0.22777
9.94,0.1631
9.96,0.09532
9.98,0.02033
10,-0.01314
10.02,-0.10006
10.04,-0.09005
10.06,-0.07355
10.08,-0.06129
10.1,-0.06768
10.12,-0.28074
10.14,-0.32004
10.16,-0.27847
10.18,-0.03631
10.2,0.31648
10.22,0.13317
10.24,-0.20941
10.26,-0.00746
10.28,0.30627
10.3,0.52779
10.32,0.26969
10.34,-0.2146
10.36,-0.41804
10.38,-0.56511
10.4,-0.6117
10.42,-0.51963
10.44,-0.15167
10.46,-0.02955
10.48,-0.18248
10.5,-0.12191
10.52,0.07588
10.54,-0.10906
10.56,-0.29577
10.58,-0.05177
10.6,0.30129
10.62,0.23373
10.64,0.13966
10.66,0.25996
10.68,-0.05704
10.7,-0.43368
10.72,-0.53422
10.74,-0.40045
10.76,-0.2644
10.78,-0.14441
10.8,-0.05643
10.82,0.00276
10.84,0.118
10.86,-0.1213
10.88,-0.08033
10.9,0.15549
10.92,0.0087
10.94,-0.09824
10.96,-0.09691
10.98,-0.0057
11,-0.2531
11.02,-0.312
11.04,-0.0325
11.06,0.20595
11.08,0.31417
11.1,0.17536
11.12,-0.09444
11.14,-0.14868
11.16,-0.00618
11.18,0.07752
11.2,0.37098
11.22,0.44291
11.24,0.27651
11.26,0.18147
11.28,0.04275
11.3,-0.08732
11.32,-0.13059
11.34,-0.29627
11.36,-0.33871
11.38,-0.11165
11.4,0.04909
11.42,0.07867
11.44,-0.1329
11.46,-0.25297
11.48,-0.03459
11.5,-0.05253
11.52,-0.24603
11.54,0.02257
11.56,0.40716
11.58,0.49113
11.6,0.46476
11.62,0.37667
11.64,0.23513
11.66,0.27378
11.68,0.07746
11.7,0.00682
11.72,0.2753
11.74,0.17829
11.76,0.01812
11.78,-0.08818
11.8,-0.00086
11.82,0.05997
11.84,0.01676
11.86,0.03042
11.88,-0.28254
11.9,-0.43429
11.92,-0.17507
11.94,0.02521
11.96,0.07882
11.98,-0.05182
12,-0.14363
12.02,0.14439
12.04,0.15528
12.06,0.05839
12.08,0.2045
12.1,0.24261
12.12,0.18989
12.14,0.05681
12.16,0.18231
12.18,-0.00434
12.2,-0.42725
12.22,-0.71091
12.24,-0.81223
12.26,-0.73208
12.28,-0.74767
12.3,-0.5102
12.32,-0.12536
12.34,0.28565
12.36,0.6673
12.38,0.53058
12.4,0.12997
12.42,0.06757
12.44,0.25324
12.46,0.32163
12.48,0.30983
12.5,0.5193
12.52,0.34181
12.54,0.00559
12.56,0.00649
12.58,0.04611
12.6,0.19399
12.62,0.02908
12.64,-0.20916
12.66,-0.24322
12.68,-0.29328
12.7,-0.20163
12.72,-0.15375
12.74,-0.23552
12.76,-0.37605
12.78,-0.45266
12.8,-0.30295
12.82,-0.18593
12.84,-0.06275
12.86,-0.08887
12.88,-0.25295
12.9,-0.23277
12.92,-0.3589
12.94,-0.40302
12.96,-0.29486
12.98,-0.10138
13,0.13886
13.02,0.30586
13.04,0.47704
13.06,0.4541
13.08,0.36007
13.1,0.44165
13.12,0.45052
13.14,0.33701
13.16,0.1995
13.18,0.09575
13.2,0.01024
13.22,0.02499
13.24,0.13914
13.26,0.17125
13.28,0.25011
13.3,0.27799
13.32,-0.11277
13.34,-0.46818
13.36,-0.58238
13.38,-0.57684
13.4,-0.17685
13.42,0.09793
13.44,0.1371
13.46,-0.12845
13.48,-0.29866
13.5,-0.10188
13.52,0.00942
13.54,-0.01613
13.56,-0.00848
13.58,0.37414
13.6,0.63996
13.62,0.6167
13.64,0.45939
13.66,0.20344
13.68,-0.24126
13.7,-0.64103
13.72,-0.61638
13.74,-0.72952
13.76,-0.57908
13.78,-0.17218
13.8,-0.03071
13.82,-0.18521
13.84,-0.40045
13.86,-0.16373
13.88,-0.14273
13.9,-0.32955
13.92,-0.24333
13.94,0.05885
13.96,0.28706
13.98,0.19201
14,0.14356
14.02,0.06894
14.04,-0.21527
14.06,-0.3892
14.08,-0.58041
14.1,-0.70199
14.12,-0.37994
14.14,0.16548
14.16,0.53448
14.18,0.42821
14.2,-0.05876
14.22,-0.70255
14.24,-1.14378
14.26,-1.30046
14.28,-0.91538
14.3,0.06947
14.32,0.77143
14.34,0.50476
14.36,-0.07975
14.38,-0.17886
14.4,0.17698
14.42,0.66146
14.44,0.70648
14.46,0.33992
14.48,0.19516
14.5,0.40761
14.52,0.72116
14.54,0.83307
14.56,0.6627
14.58,0.23336
14.6,-0.03607
14.62,0.18718
14.64,0.35724
14.66,0.13809
14.68,-0.23539
14.7,-0.23344
14.72,0.02363
14.74,0.17296
14.76,0.03329
14.78,-0.47689
14.8,-1.15225
14.82,-1.48574
14.84,-1.24126
14.86,-0.99069
14.88,-0.80845
14.9,-0.48459
14.92,0.09705
14.94,0.83115
14.96,1.2769
14.98,1.31823
15,1.21002
15.02,1.27563
15.04,1.35884
15.06,1.21465
15.08,0.69942
15.1,-0.11278
15.12,-0.8951
15.14,-1.27452
15.16,-0.83472
15.18,-0.13877
15.2,0.0165
15.22,-0.13769
15.24,-0.33827
15.26,-0.2998
15.28,0.10275
15.3,0.51611
15.32,0.72891
15.34,0.5918
15.36,0.44976
15.38,0.3446
15.4,0.11473
15.42,-0.00815
15.44,0.07063
15.46,0.07141
15.48,-0.19571
15.5,-0.17546
15.52,0.18348
15.54,0.06811
15.56,-0.36437
15.58,-0.60143
15.6,-0.58459
15.62,-0.43722
15.64,-0.41562
15.66,-0.56773
15.68,-0.7379
15.7,-0.78266
15.72,-0.91807
15.74,-1.00578
15.76,-1.00518
15.78,-0.68183
15.8,-0.00771
15.82,0.46987
15.84,0.41478
15.86,0.09707
15.88,0.06139
15.9,0.32369
15.92,0.52043
15.94,0.45681
15.96,0.22128
15.98,-0.03971
16,-0.28112
16.02,-0.49606
16.04,-0.56641
16.06,-0.27302
16.08,0.43203
16.1,0.85383
16.12,1.01447
16.14,1.23714
16.16,1.37827
16.18,1.44358
16.2,1.01188
16.22,0.26012
16.24,-0.27449
16.26,-0.67008
16.28,-0.82747
16.3,-0.41723
16.32,0.29268
16.34,0.64734
16.36,0.63421
16.38,0.65881
16.4,0.59291
16.42,0.22749
16.44,-0.14716
16.46,-0.3193
16.48,-0.28494
16.5,0.05347
16.52,0.43477
16.54,0.5905
16.56,0.74681
16.58,0.9183
16.6,0.99816
16.62,0.79355
16.64,0.41561
16.66,0.01186
16.68,-0.55452
16.7,-0.9921
16.72,-1.15898
16.74,-1.23714
16.76,-1.23074
16.78,-1.11751
16.8,-1.16273
16.82,-1.3281
16.84,-1.44855
16.86,-1.421
16.88,-1.06491
16.9,-0.4534
16.92,0.11474
16.94,0.36212
16.96,0.34738
16.98,0.24274
17,0.16768
17.02,0.25939
17.04,0.44454
17.06,0.46739
17.08,0.48076
17.1,0.49923
17.12,0.19402
17.14,0.04722
17.16,0.20111
17.18,0.1886
17.2,0.17125
17.22,0.12092
17.24,0.29256
17.26,0.64109
17.28,0.82988
17.3,0.94239
17.32,1.04553
17.34,1.19014
17.36,1.28462
17.38,1.16977
17.4,0.70476
17.42,0.26677
17.44,0.05235
17.46,0.22146
17.48,0.74122
17.5,1.13134
17.52,1.36852
17.54,1.34795
17.56,1.15766
17.58,0.85149
17.6,0.46791
17.62,0.16681
17.64,-0.24251
17.66,-0.51378
17.68,-0.568
17.7,-0.38303
17.72,0.05201
17.74,0.39013
17.76,0.65978
17.78,0.78429
17.8,0.69145
17.82,0.56463
17.84,0.61069
17.86,0.61869
17.88,0.33234
17.9,-0.1678
17.92,-0.64382
17.94,-0.81308
17.96,-0.61289
17.98,-0.29933
18,-0.16606
18.02,-0.14062
18.04,-0.12879
18.06,-0.04112
18.08,0.05823
18.1,0.22684
18.12,0.48639
18.14,0.64689
18.16,0.47628
18.18,0.06162
18.2,-0.14408
18.22,-0.24965
18.24,-0.25181
18.26,-0.2211
18.28,-0.37655
18.3,-0.53731
18.32,-0.63697
18.34,-0.58244
18.36,-0.52897
18.38,-0.64156
18.4,-0.74683
18.42,-0.79855
18.44,-0.71712
18.46,-0.66769
18.48,-0.81074
18.5,-0.81381
18.52,-0.51096
18.54,-0.15575
18.56,-0.11462
18.58,-0.37779
18.6,-0.58484
18.62,-0.44335
18.64,0.01319
18.66,0.35864
18.68,0.40613
18.7,0.27986
18.72,0.32393
18.74,0.60769
18.76,0.84816
18.78,1.01332
18.8,1.01078
18.82,0.80346
18.84,0.50298
18.86,0.26651
18.88,0.23581
18.9,0.47789
18.92,0.64422
18.94,0.6598
18.96,0.74174
18.98,0.59256
19,0.4228
19.02,0.31363
19.04,0.24143
19.06,0.2074
19.08,0.1286
19.1,0.23956
19.12,0.25887
19.14,0.16684
19.16,0.12746
19.18,0.15971
19.2,0.00752
19.22,-0.33916
19.24,-0.49436
19.26,-0.44288
19.28,-0.24578
19.3,-0.01235
19.32,0.01453
19.34,-0.20088
19.36,-0.48743
19.38,-0.68815
19.4,-0.87124
19.42,-1.02031
19.44,-0.86616
19.46,-0.68994
19.48,-0.72615
19.5,-0.69801
19.52,-0.4598
19.54,-0.29298
19.56,-0.36131
19.58,-0.52791
19.6,-0.71057
19.62,-0.77028
19.64,-0.72343
19.66,-0.56269
19.68,-0.17412
19.7,0.1667
19.72,0.44003
19.74,0.66178
19.76,0.63758
19.78,0.50487
19.8,0.31171
19.82,-0.03477
19.84,-0.4603
19.86,-0.70196
19.88,-0.62891
19.9,-0.39907
19.92,-0.15762
19.94,-0.2408
19.96,-0.45455
19.98,-0.47597
20,-0.49919
20.02,-0.3449
20.04,-0.14451
20.06,-0.12635
20.08,-0.18302
20.1,-0.33347
20.12,-0.57652
20.14,-0.78506
20.16,-0.72602
20.18,-0.38723
20.2,-0.0866
20.22,-0.01431
20.24,-0.22652
20.26,-0.47159
20.28,-0.58616
20.3,-0.61396
20.32,-0.55354
20.34,-0.39186
20.36,-0.19944
20.38,0.04946
20.4,0.32862
20.42,0.45537
20.44,0.13714
20.46,-0.1488
20.48,0.02142
20.5,0.1331
20.52,-0.04474
20.54,-0.21148
20.56,-0.06108
20.58,0.08099
20.6,0.09169
20.62,0.08413
20.64,-0.04515
20.66,-0.20187
20.68,-0.04996
20.7,0.22408
20.72,0.38504
20.74,0.28687
20.76,0.01537
20.78,0.00038
20.8,0.02323
20.82,-0.21265
20.84,-0.58951
20.86,-0.78549
20.88,-0.70177
20.9,-0.51826
20.92,-0.45873
20.94,-0.50626
20.96,-0.42166
20.98,-0.14208
21,0.22008
21.02,0.47841
21.04,0.51303
21.06,0.47784
21.08,0.50238
21.1,0.32526
21.12,0.12265
21.14,0.04104
21.16,-0.01903
21.18,-0.03388
21.2,-0.15433
21.22,-0.44547
21.24,-0.70774
21.26,-0.71479
21.28,-0.68998
21.3,-0.68681
21.32,-0.57309
21.34,-0.37264
21.36,-0.09259
21.38,0.15352
21.4,0.22012
21.42,0.08346
21.44,-0.06625
21.46,-0.03617
21.48,-0.02588
21.5,-0.14607
21.52,-0.19245
21.54,-0.16276
21.56,-0.11144
21.58,-0.07771
21.6,0.08131
21.62,0.31204
21.64,0.43356
21.66,0.53426
21.68,0.51181
21.7,0.33146
21.72,0.2244
21.74,0.28662
21.76,0.41081
21.78,0.37277
21.8,0.29971
21.82,0.34088
21.84,0.42495
21.86,0.40623
21.88,0.36885
21.9,0.30642
21.92,0.17257
21.94,0.23661
21.96,0.3347
21.98,0.38885
22,0.40419
22.02,0.37257
22.04,0.38565
22.06,0.43871
22.08,0.46739
22.1,0.46298
22.12,0.46761
22.14,0.29547
22.16,0.08899
22.18,0.18941
22.2,0.31658
22.22,0.2037
22.24,-0.05208
22.26,-0.06414
22.28,0.19454
22.3,0.31695
22.32,0.29045
22.34,0.16809
22.36,0.01235
22.38,-0.10995
22.4,-0.15216
22.42,-0.152
22.44,-0.13238
22.46,0.06253
22.48,0.19436
22.5,0.12609
22.52,0.09444
22.54,0.1523
22.56,-0.03042
22.58,-0.21717
22.6,-0.14125
22.62,-0.03098
22.64,-0.03471
22.66,-0.08968
22.68,0.08449
22.7,0.19888
22.72,0.11466
22.74,0.03095
22.76,0.01289
22.78,0.07449
22.8,0.09792
22.82,0.20647
22.84,0.20665
22.86,0.13604
22.88,0.28145
22.9,0.21393
22.92,-0.0381
22.94,-0.20002
22.96,-0.22878
22.98,-0.13862
23,-0.11799
23.02,-0.02438
23.04,0.04863
23.06,-0.04661
23.08,-0.20921
23.1,-0.11566
23.12,0.23035
23.14,0.37847
23.16,0.11105
23.18,-0.37159
23.2,-0.57451
23.22,-0.42534
23.24,-0.19755
23.26,-0.1719
23.28,-0.10108
23.3,-0.0057
23.32,-0.1485
23.34,-0.00079
23.36,0.42356
23.38,0.42149
23.4,0.08772
23.42,-0.18455
23.44,0.02034
23.46,0.36154
23.48,0.21326
23.5,0.31289
23.52,0.60064
23.54,0.56139
23.56,0.43709
23.58,0.53477
23.6,0.29504
23.62,-0.11829
23.64,-0.02133
23.66,-0.25678
23.68,-0.71499
23.7,-0.46351
23.72,-0.09638
23.74,-0.2209
23.76,-0.19726
23.78,0.23567
23.8,0.12988
23.82,-0.21283
23.84,0.03079
23.86,0.07116
23.88,-0.19869
23.9,-0.25517
23.92,-0.35063
23.94,-0.44155
23.96,-0.44544
23.98,-0.52384
24,-0.56958
24.02,-0.59363
24.04,-0.41688
24.06,-0.17736
24.08,-0.26042
24.1,-0.42578
24.12,-0.53517
24.14,-0.5057
24.16,-0.36191
24.18,-0.2779
24.2,-0.12824
24.22,-0.10794
24.24,-0.17503
24.26,-0.07464
24.28,0.23581
24.3,0.40806
24.32,0.27897
24.34,0.15426
24.36,0.14025
24.38,0.17922
24.4,0.06036
24.42,-0.13983
24.44,-0.0928
24.46,0.16565
24.48,0.38122
24.5,0.33747
24.52,0.29385
24.54,0.50661
24.56,0.64936
24.58,0.56014
24.6,0.1917
24.62,-0.07656
24.64,-0.01391
24.66,-0.01001
24.68,-0.12544
24.7,-0.18226
24.72,-0.19545
24.74,-0.1667
24.76,-0.04977
24.78,0.07975
24.8,0.16051
24.82,0.03766
24.84,-0.08522
24.86,-0.08507
24.88,-0.13256
24.9,-0.19973
24.92,-0.21365
24.94,-0.15239
24.96,-0.08783
24.98,0.02203
25,0.23165
25.02,0.41438
25.04,0.37721
25.06,0.26267
25.08,0.17097
25.1,0.1712
25.12,0.365
25.14,0.48194
25.16,0.43625
25.18,0.46932
25.2,0.47467
25.22,0.18221
25.24,0.0344
25.26,0.045
25.28,-0.06618
25.3,-0.02189
25.32,0.00514
25.34,-0.1189
25.36,-0.27542
25.38,-0.21361
25.4,0.04548
25.42,0.06664
25.44,-0.08399
25.46,-0.24122
25.48,-0.31229
25.5,-0.32751
25.52,-0.34932
25.54,-0.32193
25.56,-0.3047
25.58,-0.2159
25.6,-0.03639
25.62,-0.00749
25.64,-0.02066
25.66,0.02726
25.68,0.00264
25.7,-0.06458
25.72,-0.01755
25.74,0.12678
25.76,0.19724
25.78,0.20437
25.8,0.20577
25.82,0.24511
25.84,0.33141
25.86,0.36083
25.88,0.26817
25.9,0.16811
25.92,0.16761
25.94,0.15441
25.96,0.02431
25.98,-0.07482
26,-0.09003
26.02,-0.02296
26.04,-0.02096
26.06,-0.10735
26.08,-0.05373
26.1,0.05008
26.12,0.12135
26.14,0.16884
26.16,0.1285
26.18,0.0983
26.2,0.17786
26.22,0.38922
26.24,0.51921
26.26,0.5154
26.28,0.41002
26.3,0.22041
26.32,0.09167
26.34,-0.06866
26.36,-0.18095
26.38,-0.11544
26.4,0.0156
26.42,0.04664
26.44,-0.00229
26.46,-0.01674
26.48,-0.10256
26.5,-0.29309
26.52,-0.3344
26.54,-0.23956
26.56,-0.24286
26.58,-0.43083
26.6,-0.66399
26.62,-0.80282
26.64,-0.77958
26.66,-0.64589
26.68,-0.65242
26.7,-0.76822
26.72,-0.77625
26.74,-0.60056
26.76,-0.3735
26.78,-0.2784
26.8,-0.36229
26.82,-0.44111
26.84,-0.46888
26.86,-0.33476
26.88,-0.22441
26.9,-0.2298
26.92,-0.28944
26.94,-0.36392
26.96,-0.33351
26.98,-0.30081
27,-0.24296
27.02,-0.07451
27.04,0.13965
27.06,0.30636
27.08,0.3134
27.1,0.09532
27.12,-0.14217
27.14,-0.10885
27.16,0.0434
27.18,0.10178
27.2,0.17286
27.22,0.21116
27.24,0.29684
27.26,0.33153
27.28,0.33546
27.3,0.32852
27.32,0.23126
27.34,0.10668
27.36,-0.05381
27.38,-0.06374
27.4,0.14233
27.42,0.32107
27.44,0.42681
27.46,0.44888
27.48,0.40715
27.5,0.36823
27.52,0.32958
27.54,0.44118
27.56,0.58549
27.58,0.55045
27.6,0.44592
27.62,0.45374
27.64,0.39727
27.66,0.3872
27.68,0.33986
27.7,0.17304
27.72,0.11073
27.74,0.12191
27.76,0.24903
27.78,0.40546
27.8,0.49538
27.82,0.47236
27.84,0.37781
27.86,0.29844
27.88,0.32406
27.9,0.25612
27.92,0.0798
27.94,-0.07079
27.96,-0.29331
27.98,-0.36332
28,-0.10223
28.02,0.12462
28.04,0.09798
28.06,-0.02468
28.08,-0.10774
28.1,-0.11783
28.12,-0.11778
28.14,-0.09223
28.16,-0.11444
28.18,-0.11426
28.2,-0.0074
28.22,0.11426
28.24,0.21629
28.26,0.23997
28.28,-0.00114
28.3,-0.31427
28.32,-0.36305
28.34,-0.34143
28.36,-0.3346
28.38,-0.35416
28.4,-0.41595
28.42,-0.45945
28.44,-0.49355
28.46,-0.49167
28.48,-0.49154
28.5,-0.4459
28.52,-0.3007
28.54,-0.22705
28.56,-0.20799
28.58,-0.18709
28.6,-0.18939
28.62,-0.09869
28.64,-0.06583
28.66,-0.15601
28.68,-0.17698
28.7,-0.10885
28.72,0.02945
28.74,0.21026
28.76,0.31671
28.78,0.28728
28.8,0.16459
28.82,-0.00579
28.84,-0.06997
28.86,0.00456
28.88,0.11398
28.9,0.13738
28.92,-0.01101
28.94,-0.13891
28.96,-0.29399
28.98,-0.41138
29,-0.17092
29.02,0.01466
29.04,-0.01007
29.06,-0.18668
29.08,-0.20653
29.1,0.01434
29.12,0.03294
29.14,-0.08445
29.16,-0.35035
29.18,-0.41267
29.2,-0.09376
29.22,0.28134
29.24,0.38463
29.26,0.26638
29.28,0.2181
29.3,0.37751
29.32,0.62353
29.34,0.66137
29.36,0.48597
29.38,0.14839
29.4,-0.3595
29.42,-0.90215
29.44,-1.09923
29.46,-0.86542
29.48,-0.34092
29.5,0.52932
29.52,1.06611
29.54,1.07529
29.56,0.82929
29.58,0.63478
29.6,0.53099
29.62,0.14471
29.64,-0.39685
29.66,-0.32755
29.68,0.20255
29.7,0.28559
29.72,0.12184
29.74,-0.15755
29.76,-0.26654
29.78,-0.2461
29.8,-0.00052
29.82,0.05437
29.84,-0.19569
29.86,-0.18102
29.88,-0.28699
29.9,-0.49149
29.92,-0.41101
29.94,-0.00475
29.96,0.20783
29.98,0.17278
30,0.17926
30.02,0.0508
30.04,0.15053
30.06,0.50532
30.08,0.67324
30.1,0.27077
30.12,-0.473
30.14,-0.68441
30.16,-0.47912
30.18,0.00646
30.2,0.33782
30.22,0.23871
30.24,-0.04014
30.26,0.03596
30.28,0.33841
30.3,0.56521
30.32,0.67221
30.34,0.57109
30.36,0.32521
30.38,0.17626
30.4,0.17822
30.42,0.13563
30.44,0.07738
30.46,-0.1386
30.48,-0.2514
30.5,-0.24021
30.52,-0.19604
30.54,-0.14467
30.56,-0.02357
30.58,-0.01775
30.6,-0.1038
30.62,-0.00103
30.64,0.11691
30.66,0.25115
30.68,0.29782
30.7,0.19631
30.72,-0.05077
30.74,-0.25029
30.76,-0.33567
30.78,-0.395
30.8,-0.47928
30.82,-0.42327
30.84,-0.15016
30.86,0.16075
30.88,0.2038
30.9,0.0478
30.92,0.02002
30.94,-0.04791
30.96,0.08125
30.98,0.33942
31,0.36474
31.02,0.09648
31.04,-0.2152
31.06,-0.44507
31.08,-0.56342
31.1,-0.40903
31.12,-0.15987
31.14,-0.04319
31.16,-0.11096
31.18,-0.09236
31.2,0.03231
31.22,0.0008
31.24,-0.13631
31.26,-0.16926
31.28,-0.08992
31.3,-0.1356
31.32,-0.20285
31.34,-0.18646
31.36,-0.18381
31.38,-0.17316
31.4,-0.05657
31.42,0.14729
31.44,0.29847
31.46,0.30696
31.48,0.20049
31.5,0.08589
31.52,0.04615
31.54,0.11198
31.56,0.10864
31.58,0.09439
31.6,0.14991
31.62,0.14024
31.64,0.04761
31.66,0.05281
31.68,0.15034
31.7,0.17395
31.72,0.14738
31.74,0.12029
31.76,0.146
31.78,0.26663
31.8,0.41989
31.82,0.42337
31.84,0.38263
31.86,0.29549
31.88,0.0736
31.9,-0.13837
31.92,-0.22712
31.94,-0.12978
31.96,0.04276
31.98,0.05583
32,-0.08766
32.02,-0.21519
32.04,-0.21493
32.06,-0.08327
32.08,-0.05076
32.1,-0.15167
32.12,-0.14646
32.14,-0.04523
32.16,-0.00043
32.18,-0.05503
32.2,-0.22072
32.22,-0.33894
32.24,-0.18203
32.26,0.07767
32.28,0.03681
32.3,-0.14152
32.32,-0.28075
32.34,-0.17974
32.36,-0.00244
32.38,-0.04961
32.4,-0.16345
32.42,-0.26277
32.44,-0.30051
32.46,-0.30138
32.48,-0.16556
32.5,0.02151
32.52,0.17118
32.54,0.14071
32.56,-0.03097
32.58,-0.1975
32.6,-0.16577
32.62,-0.05769
32.64,-0.19783
32.66,-0.38259
32.68,-0.39617
32.7,-0.18676
32.72,0.16757
32.74,0.29128
32.76,0.11306
32.78,0.1051
32.8,0.14716
32.82,0.18487
32.84,0.25674
32.86,0.26565
32.88,0.19381
32.9,0.18313
32.92,0.30816
32.94,0.34417
32.96,0.30305
32.98,0.29588
33,0.24965
33.02,0.06474
33.04,-0.05445
33.06,-0.15708
33.08,-0.22899
33.1,-0.15052
33.12,-0.08817
33.14,-0.05192
33.16,-0.00103
33.18,-0.03239
33.2,-0.05559
33.22,0.10027
33.24,0.31948
33.26,0.36194
33.28,0.24093
33.3,0.11684
33.32,-0.12328
33.34,-0.24013
33.36,-0.12852
33.38,-0.01462
33.4,0.01796
33.42,0.00046
33.44,-0.03738
33.46,0.00421
33.48,0.02048
33.5,-0.07231
33.52,-0.02106
33.54,0.1198
33.56,0.12703
33.58,-0.01056
33.6,0.02293
33.62,0.16796
33.64,0.14218
33.66,0.03955
33.68,0.04832
33.7,0.07022
33.72,-0.09943
33.74,-0.25577
33.76,-0.27993
33.78,-0.23914
33.8,-0.26919
33.82,-0.39165
33.84,-0.4856
33.86,-0.4294
33.88,-0.20063
33.9,-0.0051
33.92,0.04014
33.94,-0.0412
33.96,-0.03767
33.98,0.01977
34,0.07042
34.02,0.10724
34.04,-0.01305
34.06,-0.1884
34.08,-0.28103
34.1,-0.33704
34.12,-0.36632
34.14,-0.30173
34.16,-0.09132
34.18,0.0091
34.2,0.04223
34.22,0.12657
34.24,0.11785
34.26,0.09689
34.28,0.09615
34.3,0.08424
34.32,0.12901
34.34,0.19229
34.36,0.10374
34.38,-0.03491
34.4,0.01144
34.42,0.10228
34.44,0.06757
34.46,0.01282
34.48,-0.0238
34.5,-0.07067
34.52,-0.10794
34.54,-0.07669
34.56,-0.03487
34.58,-0.03893
34.6,0.03632
34.62,0.18216
34.64,0.24482
34.66,0.13742
34.68,0.08497
34.7,0.0967
34.72,0.09563
34.74,0.08249
34.76,0.0964
34.78,0.16505
34.8,0.15376
34.82,0.15927
34.84,0.17237
34.86,0.15182
34.88,0.12845
34.9,0.18086
34.92,0.27486
34.94,0.3437
34.96,0.30599
34.98,0.26626
35,0.27587
35.02,0.23105
35.04,0.15788
35.06,0.13481
35.08,0.15135
35.1,0.07225
35.12,-0.0585
35.14,-0.10402
35.16,-0.08787
35.18,-0.10342
35.2,-0.06298
35.22,-0.03346
35.24,-0.07559
35.26,-0.0319
35.28,0.06377
35.3,0.06967
35.32,0.03016
35.34,0.01863
35.36,-0.01629
35.38,-0.02717
35.4,0.02237
35.42,0.02041
35.44,-0.09884
35.46,-0.17183
35.48,-0.09171
35.5,-0.02489
35.52,-0.00061
35.54,0.02917
35.56,-0.00457
35.58,-0.02877
35.6,0.00459
35.62,0.01801
35.64,-0.04886
35.66,-0.08614
35.68,-0.01865
35.7,0.06466
35.72,0.03984
35.74,-0.00464
35.76,0.0004
35.78,0.01234
35.8,0.01797
35.82,0.0274
35.84,0.08926
35.86,0.12162
35.88,0.05823
35.9,-0.0355
35.92,-0.07609
35.94,-0.0867
35.96,-0.11575
35.98,-0.17075
36,-0.21969
36.02,-0.22103
36.04,-0.21181
36.06,-0.25536
36.08,-0.24007
36.1,-0.19186
36.12,-0.10414
36.14,-0.05432
36.16,-0.06305
36.18,-0.11519
36.2,-0.1111
36.22,0.04255
36.24,0.12211
36.26,0.09789
36.28,0.07275
36.3,0.02747
36.32,-0.04098
36.34,-0.06275
36.36,-0.09554
36.38,-0.08485
36.4,-0.06533
36.42,-0.13235
36.44,-0.23435
36.46,-0.26302
36.48,-0.20056
36.5,-0.20996
36.52,-0.23402
36.54,-0.22073
36.56,-0.25569
36.58,-0.26363
36.6,-0.2276
36.62,-0.21742
36.64,-0.23404
36.66,-0.2411
36.68,-0.20086
36.7,-0.16462
36.72,-0.15781
36.74,-0.13807
36.76,-0.15464
36.78,-0.19107
36.8,-0.1616
36.82,-0.08417
36.84,0.0104
36.86,0.09448
36.88,0.14191
36.9,0.16262
36.92,0.18262
36.94,0.18997
36.96,0.19512
36.98,0.21416
37,0.16699
37.02,0.099
37.04,0.05111
37.06,0.03267
37.08,0.07385
37.1,0.11759
37.12,0.08784
37.14,0.0718
37.16,0.08219
37.18,0.1051
37.2,0.22733
37.22,0.22232
37.24,0.07679
37.26,0.0939
37.28,0.18471
37.3,0.19262
37.32,0.19873
37.34,0.20324
37.36,0.16851
37.38,0.16123
37.4,0.18948
37.42,0.16054
37.44,0.07093
37.46,0.02162
37.48,0.05328
37.5,0.04497
37.52,0.05753
37.54,0.0946
37.56,0.04133
37.58,-0.06757
37.6,-0.09967
37.62,-0.01456
37.64,0.03871
37.66,0.0396
37.68,0.05673
37.7,0.08598
37.72,0.04287
37.74,0.01916
37.76,0.05142
37.78,0.08896
37.8,0.06794
37.82,0.00764
37.84,-0.0258
37.86,-0.08341
37.88,-0.10556
37.9,-0.13044
37.92,-0.16454
37.94,-0.13927
37.96,-0.14035
37.98,-0.15779
38,-0.14159
38.02,-0.12483
38.04,-0.10949
38.06,-0.07744
38.08,0.01387
38.1,0.04476
38.12,-0.00135
38.14,-0.00511
38.16,0.07239
38.18,0.08219
38.2,0.01497
38.22,-0.05767
38.24,-0.09557
38.26,-0.0324
38.28,0.01562
38.3,-0.01143
38.32,-0.02367
38.34,0.00588
38.36,0.02186
38.38,0.04727
38.4,0.02255
38.42,-0.00429
38.44,-0.0052
38.46,-0.00166
38.48,0.01395
38.5,-0.0091
38.52,0.00742
38.54,0.05189
38.56,0.02146
38.58,0.02094
38.6,0.07186
38.62,0.02349
38.64,-0.05893
38.66,-0.07037
38.68,-0.01085
38.7,0.01065
38.72,-0.00038
38.74,0.0166
38.76,0.04095
38.78,0.0864
38.8,0.07047
38.82,0.08619
38.84,0.09389
38.86,0.1111
38.88,0.14765
38.9,0.12457
38.92,0.1252
38.94,0.14369
38.96,0.1328
38.98,0.04628
39,0.02692
39.02,0.08241
39.04,0.1408
39.06,0.17846
39.08,0.16822
39.1,0.1467
39.12,0.12417
39.14,0.10514
39.16,0.09507
39.18,0.02963
39.2,-0.06821
39.22,-0.12757
39.24,-0.10039
39.26,-0.08356
39.28,-0.0956
39.3,-0.03483
39.32,-0.0043
39.34,-0.01757
39.36,-0.07381
39.38,-0.10282
39.4,-0.05519
39.42,-0.05784
39.44,-0.0947
39.46,-0.10506
39.48,-0.10276
39.5,-0.10699
39.52,-0.09408
39.54,-0.11021
39.56,-0.18638
39.58,-0.18652
39.6,-0.15802
39.62,-0.16879
39.64,-0.17633
39.66,-0.13793
39.68,-0.13581
39.7,-0.17073
39.72,-0.16347
39.74,-0.09226
39.76,-0.00181
39.78,0.03256
39.8,0.02467
39.82,0.02609
39.84,0.06376
39.86,0.01107
39.88,-0.07791
39.9,-0.10748
39.92,-0.10999
39.94,-0.10157
39.96,-0.08746
39.98,-0.07126
40,-0.05544
40.02,-0.0356
40.04,0.00704
40.06,0.00418
40.08,-0.02778
40.1,0.01859
40.12,0.06721
40.14,0.05572
40.16,0.01644
40.18,-0.02835
40.2,-0.01075
40.22,0.04343
40.24,0.085
40.26,0.09347
40.28,0.07637
40.3,0.07196
40.32,0.09238
40.34,0.12468
40.36,0.09921
40.38,0.07821
40.4,0.07305
40.42,0.1336
40.44,0.21053
40.46,0.19558
40.48,0.14303
40.5,0.12539
40.52,0.14073
40.54,0.11766
40.56,0.11289
40.58,0.12362
40.6,0.11431
40.62,0.05395
40.64,0.03956
40.66,0.11342
40.68,0.15987
40.7,0.17565
40.72,0.12193
40.74,0.05865
40.76,0.04793
40.78,0.02964
40.8,0.01347
40.82,-0.00388
40.84,0.00035
40.86,-0.02162
40.88,-0.05466
40.9,-0.01933
40.92,-0.00128
40.94,-0.02669
40.96,-0.0885
40.98,-0.12265
41,-0.09556
41.02,-0.05498
41.04,-0.01334
41.06,-0.01885
41.08,-0.0261
41.1,-0.00442
41.12,-0.04434
41.14,-0.07397
41.16,-0.0753
41.18,-0.05711
41.2,-0.02736
41.22,-0.02235
41.24,-0.01593
41.26,-0.03104
41.28,-0.0579
41.3,-0.10962
41.32,-0.11857
41.34,-0.11903
41.36,-0.13116
41.38,-0.13665
41.4,-0.16568
41.42,-0.17415
41.44,-0.18936
41.46,-0.19312
41.48,-0.17167
41.5,-0.14035
41.52,-0.10477
41.54,-0.04406
41.56,0.0238
41.58,0.05284
41.6,0.02925
41.62,-0.04453
41.64,-0.04027
41.66,0.02323
41.68,0.02672
41.7,0.00905
41.72,0.04496
41.74,0.10389
41.76,0.08862
41.78,0.06028
41.8,0.01117
41.82,-0.00818
41.84,0.04718
41.86,0.10901
41.88,0.14375
41.9,0.12087
41.92,0.07281
41.94,0.03318
41.96,0.05767
41.98,0.10934
42,0.08382
42.02,0.06149
42.04,0.08229
42.06,0.07792
42.08,0.04172
42.1,0.01431
42.12,-0.0297
42.14,-0.08554
42.16,-0.07416
42.18,-0.06424
42.2,-0.04703
42.22,-0.01562
42.24,-0.0128
42.26,-0.05181
42.28,-0.06207
42.3,-0.01352
42.32,0.06422
42.34,0.07716
42.36,-0.00906
42.38,-0.02719
42.4,-0.04267
42.42,-0.04721
42.44,-0.03182
42.46,-0.03283
42.48,-0.05836
42.5,-0.07924
42.52,-0.03618
42.54,0.01493
42.56,0.04294
42.58,0.0191
42.6,-0.02994
42.62,-0.042
42.64,-0.03661
42.66,-0.02743
42.68,-0.01008
42.7,-0.05255
42.72,-0.10559
42.74,-0.10227
42.76,-0.07088
42.78,-0.06159
42.8,-0.06992
42.82,-0.0632
42.84,-0.03537
42.86,-0.04337
42.88,-0.06444
42.9,-0.04573
42.92,-0.01234
42.94,0.03009
42.96,0.05861
42.98,0.06324
43,0.05307
43.02,0.07143
43.04,0.0728
43.06,0.03785
43.08,0.04632
43.1,0.06064
43.12,0.06332
43.14,0.03654
43.16,0.00351
43.18,0.03019
43.2,0.07062
43.22,0.09031
43.24,0.06044
43.26,-0.00007
43.28,0.00097
43.3,0.03106
43.32,0.03508
43.34,0.01156
43.36,-0.0292
43.38,-0.0366
43.4,-0.01214
43.42,0.03695
43.44,0.05209
43.46,0.00236
43.48,-0.00454
43.5,0.01629
43.52,0.00639
43.54,-0.00418
43.56,-0.00697
43.58,0.00531
43.6,0.05593
43.62,0.09539
43.64,0.10048
43.66,0.09925
43.68,0.09981
43.7,0.09934
43.72,0.08409
43.74,0.10616
43.76,0.1481
43.78,0.13924
43.8,0.1081
43.82,0.06841
43.84,0.05068
43.86,0.04247
43.88,0.00775
43.9,0.0007
43.92,-0.00214
43.94,-0.02121
43.96,-0.02584
43.98,-0.02805
44,-0.01607
44.02,0.02371
44.04,0.03775
44.06,0.02431
44.08,0.01313
44.1,-0.00563
44.12,-0.02528
44.14,0.01251
44.16,0.07703
44.18,0.04741
44.2,-0.03433
44.22,-0.06795
44.24,-0.00893
44.26,0.02743
44.28,-0.03589
44.3,-0.08781
44.32,-0.08157
44.34,-0.06776
44.36,-0.06583
44.38,-0.07389
44.4,-0.06505
44.42,-0.03798
44.44,-0.0214
44.46,-0.0121
44.48,-0.03979
44.5,-0.06445
44.52,-0.04609
44.54,-0.01882
44.56,0.01178
44.58,0.02352
44.6,-0.02753
44.62,-0.06502
44.64,-0.06025
44.66,-0.04749
44.68,-0.02114
44.7,-0.03389
44.72,-0.05437
44.74,-0.08823
44.76,-0.1055
44.78,-0.08989
44.8,-0.08334
44.82,-0.04699
44.84,0.01736
44.86,0.02702
44.88,-0.03989
44.9,-0.08798
44.92,-0.06587
44.94,-0.05065
44.96,-0.06813
44.98,-0.06551
45,-0.05445
45.02,-0.03522
45.04,-0.00087
45.06,0.04727
45.08,0.05448
45.1,-0.01493
45.12,-0.06281
45.14,0.00207
45.16,0.0516
45.18,0.03588
45.2,0.03601
45.22,0.02851
45.24,0.0625
45.26,0.06595
45.28,0.03681
45.3,0.03309
45.32,0.04927
45.34,0.11161
45.36,0.1309
45.38,0.11177
45.4,0.10547
45.42,0.09392
45.44,0.0783
45.46,0.05655
45.48,0.06449
45.5,0.10328
45.52,0.11376
45.54,0.10094
45.56,0.09825
45.58,0.10631
45.6,0.12006
45.62,0.14927
45.64,0.15453
45.66,0.11808
45.68,0.08925
45.7,0.0519
45.72,0.02075
45.74,-0.03354
45.76,-0.11506
45.78,-0.14528
45.8,-0.11311
45.82,-0.04449
45.84,0.01397
45.86,0.00007
45.88,-0.08129
45.9,-0.12087
45.92,-0.10424
45.94,-0.10614
45.96,-0.15029
45.98,-0.18965
46,-0.18072
46.02,-0.14407
46.04,-0.12502
46.06,-0.118
46.08,-0.1193
46.1,-0.10424
46.12,-0.07254
46.14,-0.08113
46.16,-0.11667
46.18,-0.1436
46.2,-0.13489
46.22,-0.11925
46.24,-0.10622
46.26,-0.07824
46.28,-0.03733
46.3,-0.01687
46.32,-0.05998
46.34,-0.10879
46.36,-0.11787
46.38,-0.09466
46.4,-0.02691
46.42,0.03048
46.44,0.02672
46.46,-0.03104
46.48,-0.06544
46.5,-0.00308
46.52,0.07121
46.54,0.05717
46.56,0.01863
46.58,0.04288
46.6,0.09199
46.62,0.1057
46.64,0.08444
46.66,0.08371
46.68,0.07751
46.7,0.03889
46.72,0.04249
46.74,0.04759
46.76,0.02403
46.78,0.02664
46.8,0.05473
46.82,0.074
46.84,0.05362
46.86,0.05055
46.88,0.06321
46.9,0.08351
46.92,0.10397
46.94,0.08777
46.96,0.02871
46.98,-0.00854
47,0.02286
47.02,0.05702
47.04,0.03944
47.06,0.03238
47.08,0.02958
47.1,0.04258
47.12,0.08234
47.14,0.09181
47.16,0.09874
47.18,0.13369
47.2,0.15581
47.22,0.12672
47.24,0.1024
47.26,0.12038
47.28,0.12998
47.3,0.11375
47.32,0.05751
47.34,0.0069
47.36,-0.00933
47.38,-0.02052
47.4,-0.01769
47.42,-0.02847
47.44,-0.04707
47.46,-0.05376
47.48,-0.03329
47.5,0.01777
47.52,0.04989
47.54,0.02634
47.56,-0.01398
47.58,-0.01706
47.6,0.00805
47.62,0.009
47.64,0.00079
47.66,0.02244
47.68,0.05383
47.7,0.04048
47.72,0.0269
47.74,0.00737
47.76,0.00164
47.78,0.00023
47.8,0.02216
47.82,0.05086
47.84,0.05893
47.86,0.03979
47.88,0.0135
47.9,0.02727
47.92,0.02708
47.94,0.0171
47.96,0.00936
47.98,0.03091
48,0.04115
48.02,0.00302
48.04,-0.05056
48.06,-0.07545
48.08,-0.0643
48.1,-0.05069
48.12,-0.04563
48.14,-0.02792
48.16,-0.02244
48.18,-0.04412
48.2,-0.08483
48.22,-0.11334
48.24,-0.12183
48.26,-0.12423
48.28,-0.13506
48.3,-0.12477
48.32,-0.09582
48.34,-0.04285
48.36,0.01661
48.38,0.03505
48.4,0.02531
48.42,-0.01177
48.44,-0.02472
48.46,-0.02026
48.48,-0.03889
48.5,-0.06448
48.52,-0.08134
48.54,-0.10138
48.56,-0.1071
48.58,-0.09514
48.6,-0.12666
48.62,-0.13068
48.64,-0.07144
48.66,-0.02178
48.68,-0.02474
48.7,-0.06707
48.72,-0.07947
48.74,-0.05924
48.76,-0.05178
48.78,-0.04515
48.8,-0.04219
48.82,-0.06037
48.84,-0.06734
48.86,-0.04378
48.88,-0.00376
48.9,0.00964
48.92,-0.00923
48.94,-0.03243
48.96,-0.05846
48.98,-0.06361
49,-0.08258
49.02,-0.11321
49.04,-0.08539
49.06,-0.06175
49.08,-0.0587
49.1,-0.06734
49.12,-0.04331
49.14,0.01573
49.16,0.03603
49.18,0.02433
49.2,0.01574
49.22,0.01143
49.24,0.01573
49.26,0.03435
49.28,0.03682
49.3,0.04652
49.32,0.07068
49.34,0.08967
49.36,0.12602
49.38,0.15851
49.4,0.13907
49.42,0.1009
49.44,0.08405
49.46,0.08474
49.48,0.08458
49.5,0.08697
49.52,0.08924
49.54,0.08825
49.56,0.07661
49.58,0.05923
49.6,0.04531
49.62,0.05805
49.64,0.04781
49.66,0.02496
49.68,0.03715
49.7,0.04423
49.72,0.04138
49.74,0.0241
49.76,0.00639
49.78,-0.02264
49.8,-0.03489
49.82,-0.0344
49.84,-0.03089
49.86,-0.04885
49.88,-0.05416
49.9,-0.03431
49.92,-0.02828
49.94,0.0083
49.96,0.03604
49.98,0.0232
50,0.02308
50.02,0.04063
50.04,0.02703
50.06,0.00608
50.08,-0.03052
50.1,-0.03877
50.12,-0.00841
50.14,0.01824
50.16,0.01584
50.18,-0.0041
50.2,0.01692
50.22,0.04687
50.24,0.02885
50.26,0.02738
50.28,0.04393
50.3,0.046
50.32,0.06448
50.34,0.08585
50.36,0.07894
50.38,0.03471
50.4,0.02177
50.42,0.0216
50.44,0.02229
50.46,0.03711
50.48,0.05717
50.5,0.02806
50.52,-0.04056
50.54,-0.07569
50.56,-0.08017
50.58,-0.07721
50.6,-0.08065
50.62,-0.05839
50.64,-0.03467
50.66,-0.01784
50.68,-0.02299
50.7,-0.02952
50.72,-0.00341
50.74,0.01113
50.76,-0.01075
50.78,-0.06214
50.8,-0.07149
50.82,-0.02872
50.84,0.00554
50.86,0.02518
50.88,0.03526
50.9,0.05736
50.92,0.08912
50.94,0.09698
50.96,0.07885
50.98,0.0666
51,0.08852
51.02,0.0947
51.04,0.06884
51.06,0.02953
51.08,0.03291
51.1,0.04097
51.12,0.02913
51.14,0.01209
51.16,0.01876
51.18,0.06957
51.2,0.07798
51.22,0.04725
51.24,0.01826
51.26,-0.01377
51.28,-0.03298
51.3,-0.03345
51.32,-0.04514
51.34,-0.04562
51.36,-0.02854
51.38,-0.00233
51.4,0.01454
51.42,-0.01526
51.44,-0.05489
51.46,-0.06366
51.48,-0.03109
51.5,0.02108
51.52,0.04044
51.54,0.00995
51.56,0.0023
51.58,0.03335
51.6,0.0445
51.62,0.01595
51.64,-0.01221
51.66,-0.02136
51.68,-0.04051
51.7,-0.06135
51.72,-0.07561
51.74,-0.07851
51.76,-0.07208
51.78,-0.06008
51.8,-0.05391
51.82,-0.05505
51.84,-0.05422
51.86,-0.03439
51.88,0.00762
51.9,0.04269
51.92,0.01573
51.94,-0.03645
51.96,-0.04279
51.98,-0.02069
52,-0.00491
52.02,-0.00404
52.04,-0.00398
52.06,-0.00393
52.08,0.00494
52.1,0.03121
52.12,0.04871
52.14,0.03075
52.16,-0.0102
52.18,-0.05468
52.2,-0.06237
52.22,-0.05716
52.24,-0.05305
52.26,-0.03448
52.28,-0.00832
52.3,-0.00914
52.32,-0.03297
52.34,-0.04147
52.36,-0.02326
52.38,0.00856
52.4,0.01523
52.42,0.02001
52.44,0.04164
52.46,0.05407
52.48,0.05181
52.5,0.04772
52.52,0.04782
52.54,0.051
52.56,0.05812
52.58,0.06254
52.6,0.05295
52.62,0.05238
52.64,0.03762
52.66,0.02646
52.68,0.01968
52.7,-0.00607
52.72,-0.04045
52.74,-0.05092
52.76,-0.03596
52.78,-0.01127
52.8,-0.00722
52.82,-0.02452
52.84,-0.05259
52.86,-0.06426
52.88,-0.03686
52.9,-0.02485
52.92,-0.03862
52.94,-0.05411
52.96,-0.06061
52.98,-0.06582
53,-0.07736
53.02,-0.06568
53.04,-0.04875
53.06,-0.06616
53.08,-0.07849
53.1,-0.09636
53.12,-0.09196
53.14,-0.07245
53.16,-0.04944
53.18,-0.04994
53.2,-0.05142
53.22,-0.0471
53.24,-0.04929
53.26,-0.05057
53.28,-0.03937
53.3,-0.0236
53.32,-0.03059
53.34,-0.02258
53.36,-0.00726
53.38,0.01509
53.4,0.02451
53.42,0.02252
53.44,0.02117
53.46,0.01579
53.48,-0.00082
53.5,-0.01126
53.52,0.00033
53.54,-0.00026
53.56,-0.00071
53.58,-0.00598
53.6,-0.02292
53.62,-0.02448
53.64,-0.01032
53.66,-0.01353
53.68,-0.03425
53.7,-0.04733
53.72,-0.02928
53.74,-0.00193
53.76,0.00136
53.78,0.00621
53.8,0.02948
53.82,0.01411
53.84,-0.02754
53.86,-0.0502
53.88,-0.02301
53.9,0.01842
53.92,0.03101
53.94,0.02063
53.96,-0.00783
53.98,-0.02063
54,-0.0073
54.02,0.03088
54.04,0.05853
54.06,0.05825
54.08,0.07424
54.1,0.08169
54.12,0.06455
54.14,0.0482
54.16,0.03649
54.18,0.05729
54.2,0.05416
54.22,0.03413
54.24,0.01815
54.26,0.00972
54.28,0.0227
54.3,0.04479
54.32,0.04372
54.34,0.0422
54.36,0.04273
54.38,0.04423
54.4,0.02802
54.42,0.02017
54.44,0.03852
54.46,0.05553
54.48,0.07375
54.5,0.07787
54.52,0.07017
54.54,0.039
54.56,0.0165
54.58,0.03369
54.6,0.04228
54.62,0.01581
54.64,-0.01764
54.66,-0.05136
54.68,-0.04467
54.7,-0.02734
54.72,-0.01286
54.74,0.02907
54.76,0.06087
54.78,0.04953
54.8,0.01843
54.82,-0.00947
54.84,-0.02569
54.86,-0.02897
54.88,-0.02973
54.9,-0.04855
54.92,-0.0571
54.94,-0.05652
54.96,-0.05717
54.98,-0.0567
55,-0.05853
55.02,-0.05969
55.04,-0.04778
55.06,-0.01966
55.08,0.01464
55.1,0.01201
55.12,-0.00554
55.14,-0.00711
55.16,-0.02583
55.18,-0.017
55.2,0.00561
55.22,0.01914
55.24,0.01858
55.26,0.01921
55.28,0.01859
55.3,0.02016
55.32,0.01857
55.34,0.02104
55.36,0.0048
55.38,-0.00488
55.4,-0.01082
55.42,-0.02786
55.44,0.02791
55.46,0.08041
55.48,0.09564
55.5,0.08146
55.52,0.06962
55.54,0.06695
55.56,0.08059
55.58,0.09721
55.6,0.09223
55.62,0.09385
55.64,0.09439
55.66,0.08189
55.68,0.04279
55.7,0.03491
55.72,0.05452
55.74,0.04691
55.76,0.02469
55.78,0.0187
55.8,0.02168
55.82,0.01769
55.84,0.03116
55.86,0.04494
55.88,0.04721
55.9,0.04569
55.92,0.04522
55.94,0.0596
55.96,0.07211
55.98,0.07747
56,0.07034
56.02,0.05083
56.04,0.01891
56.06,-0.00118
56.08,-0.00255
56.1,-0.00826
56.12,-0.04086
56.14,-0.07412
56.16,-0.08686
56.18,-0.079
56.2,-0.06488
56.22,-0.04496
56.24,-0.03312
56.26,-0.01309
56.28,-0.00838
56.3,-0.02861
56.32,-0.0299
56.34,-0.03055
56.36,-0.03329
56.38,-0.05866
56.4,-0.08005
56.42,-0.07532
56.44,-0.05734
56.46,-0.05846
56.48,-0.06325
56.5,-0.05675
56.52,-0.06416
56.54,-0.0789
56.56,-0.07983
56.58,-0.09704
56.6,-0.10609
56.62,-0.08474
56.64,-0.08318
56.66,-0.09404
56.68,-0.08882
56.7,-0.07091
56.72,-0.05107
56.74,-0.02991
56.76,-0.00518
56.78,-0.00536
56.8,-0.00301
56.82,-0.01682
56.84,-0.0478
56.86,-0.06307
56.88,-0.06089
56.9,-0.05943
56.92,-0.03967
56.94,0.0061
56.96,0.02113
56.98,0.00918
57,-0.00213
57.02,-0.01393
57.04,-0.03021
57.06,-0.0313
57.08,-0.02834
57.1,-0.04257
57.12,-0.04126
57.14,-0.03123
57.16,-0.02672
57.18,-0.00761
57.2,0.00957
57.22,0.0207
57.24,0.03674
57.26,0.04695
57.28,0.03953
57.3,0.02169
57.32,0.0194
57.34,0.03972
57.36,0.03234
57.38,0.01836
57.4,0.00052
57.42,-0.00686
57.44,0.00025
57.46,0.03284
57.48,0.07087
57.5,0.09208
57.52,0.09411
57.54,0.07665
57.56,0.06929
57.58,0.07265
57.6,0.05391
57.62,0.04596
57.64,0.03301
57.66,0.0181
57.68,0.02151
57.7,0.03625
57.72,0.05868
57.74,0.06327
57.76,0.0457
57.78,0.05656
57.8,0.07121
57.82,0.06908
57.84,0.07161
57.86,0.05179
57.88,0.03322
57.9,0.00737
57.92,-0.00781
57.94,-0.01771
57.96,-0.00645
57.98,-0.00567
58,0.01415
58.02,0.01684
58.04,-0.0062
58.06,-0.00123
58.08,-0.01779
58.1,-0.02834
58.12,-0.04156
58.14,-0.0357
58.16,-0.04552
58.18,-0.05554
58.2,-0.05587
58.22,-0.05025
58.24,-0.04615
58.26,-0.05825
58.28,-0.0359
58.3,-0.03054
58.32,-0.02917
58.34,-0.03056
58.36,-0.02671
58.38,-0.02141
58.4,-0.02402
58.42,-0.00944
58.44,-0.00539
58.46,0.00804
58.48,0.01988
58.5,0.00991
58.52,-0.002
58.54,-0.02615
58.56,-0.02894
58.58,-0.04269
58.6,-0.07551
58.62,-0.07998
58.64,-0.08116
58.66,-0.08017
58.68,-0.0802
58.7,-0.07822
58.72,-0.08034
58.74,-0.07786
58.76,-0.06423
58.78,-0.06541
58.8,-0.03396
58.82,0.00977
58.84,0.01206
58.86,-0.00331
58.88,-0.02032
58.9,-0.00224
58.92,0.00503
58.94,-0.02076
58.96,-0.0118
58.98,-0.01829
59,-0.0086
59.02,0.00424
59.04,0.01695
59.06,0.0293
59.08,0.0067
59.1,0.01874
59.12,0.05271
59.14,0.09205
59.16,0.12555
59.18,0.13484
59.2,0.1367
59.22,0.13459
59.24,0.14229
59.26,0.15474
59.28,0.13863
59.3,0.13683
59.32,0.1231
59.34,0.10479
59.36,0.10362
59.38,0.0978
59.4,0.09021
59.42,0.06825
59.44,0.06228
59.46,0.04941
59.48,0.03509
59.5,0.03763
59.52,0.03674
59.54,0.03686
59.56,0.03919
59.58,0.03228
59.6,0.01509
59.62,0.01474
59.64,0.01509
59.66,0.01437
59.68,0.01775
59.7,0.00954
59.72,-0.00426
59.74,-0.02109
59.76,-0.01348
59.78,-0.02134
59.8,-0.03127
59.82,-0.04546
59.84,-0.06033
59.86,-0.07101
59.88,-0.08354
59.9,-0.07819
59.92,-0.08397
59.94,-0.06202
59.96,-0.07208
59.98,-0.0817
60,-0.06842
60.02,-0.03351
60.04,-0.02064
60.06,-0.03116
60.08,-0.03906
60.1,-0.05701
60.12,-0.02925
60.14,-0.00922
60.16,-0.00571
60.18,-0.00572
60.2,-0.01895
60.22,-0.03911
60.24,-0.05649
60.26,-0.04998
60.28,-0.02857
60.3,0.001
60.32,-0.00114
60.34,0.00403
60.36,0.02006
60.38,0.03712
60.4,0.03832
60.42,0.01998
60.44,0.00274
60.46,-0.0067
60.48,-0.01104
60.5,-0.00941
60.52,0.00031
60.54,0.0123
60.56,0.02047
60.58,0.01825
60.6,0.02064
60.62,0.01833
60.64,0.02073
60.66,0.01798
60.68,0.02185
60.7,0.01156
60.72,-0.00532
60.74,-0.00401
60.76,-0.00584
60.78,-0.00422
60.8,-0.0059
60.82,-0.00385
60.84,-0.00727
60.86,-0.02408
60.88,-0.04264
60.9,-0.0562
60.92,-0.05379
60.94,-0.03689
60.96,-0.01469
60.98,0.01834
61,0.00517
61.02,-0.02751
61.04,-0.0295
61.06,-0.03114
61.08,-0.02989
61.1,-0.03031
61.12,-0.0296
61.14,-0.05001
61.16,-0.05558
61.18,-0.05691
61.2,-0.05123
61.22,-0.03194
61.24,-0.02353
61.26,-0.01103
61.28,-0.00553
61.3,-0.01722
61.32,-0.01799
61.34,-0.02256
61.36,-0.0346
61.38,-0.05056
61.4,-0.0571
61.42,-0.02558
61.44,-0.00312
61.46,-0.00435
61.48,-0.00357
61.5,0.01923
61.52,0.01028
61.54,-0.00069
61.56,0.02596
61.58,0.05472
61.6,0.06686
61.62,0.04857
61.64,0.02987
61.66,0.01849
61.68,0.02448
61.7,0.04278
61.72,0.06433
61.74,0.0645
61.76,0.04667
61.78,0.04566
61.8,0.04514
61.82,0.04214
61.84,0.01707
61.86,0.00025
61.88,-0.02169
61.9,-0.04822
61.92,-0.06865
61.94,-0.08506
61.96,-0.08899
61.98,-0.09847
62,-0.08828
62.02,-0.07734
62.04,-0.06073
62.06,-0.03409
62.08,-0.03222
62.1,-0.04792
62.12,-0.03046
62.14,-0.03085
62.16,-0.01829
62.18,-0.00532
62.2,-0.00333
62.22,-0.00579
62.24,-0.01304
62.26,-0.00945
62.28,-0.01826
62.3,-0.01809
62.32,-0.02221
62.34,-0.03428
62.36,-0.05401
62.38,-0.02957
62.4,-0.0073
62.42,0.00286
62.44,0.02995
62.46,0.04926
62.48,0.04649
62.5,0.02673
62.52,0.02524
62.54,0.02382
62.56,0.03459
62.58,0.03086
62.6,0.02404
62.62,0.02647
62.64,0.01768
62.66,0.00684
62.68,-0.00052
62.7,0.00419
62.72,-0.00107
62.74,0.01352
62.76,0.02726
62.78,0.03536
62.8,0.05405
62.82,0.05268
62.84,0.05788
62.86,0.07385
62.88,0.07882
62.9,0.07637
62.92,0.08072
62.94,0.07705
62.96,0.06252
62.98,0.05353
63,0.05539
63.02,0.05296
63.04,0.05688
63.06,0.06205
63.08,0.05611
63.1,0.05577
63.12,0.05643
63.14,0.0547
63.16,0.03655
63.18,0.03345
63.2,0.02743
63.22,0.0055
63.24,-0.0014
63.26,-0.00071
63.28,-0.01481
63.3,-0.01263
63.32,0.00217
63.34,0.0083
63.36,0.02422
63.38,0.03548
63.4,0.02915
63.42,0.01269
63.44,-0.00914
63.46,-0.01543
63.48,-0.0157
63.5,-0.02078
63.52,-0.02958
63.54,-0.03921
63.56,-0.04457
63.58,-0.06082
63.6,-0.0631
63.62,-0.05913
63.64,-0.02755
63.66,0.0067
63.68,0.01377
63.7,0.01487
63.72,0.01402
63.74,0.01406
63.76,0.01855
63.78,0.01465
63.8,-0.00143
63.82,-0.02411
63.84,-0.05078
63.86,-0.0731
63.88,-0.08093
63.9,-0.09228
63.92,-0.09476
63.94,-0.07979
63.96,-0.08452
63.98,-0.10345
64,-0.10644
64.02,-0.07693
64.04,-0.05271
64.06,-0.05876
64.08,-0.0738
64.1,-0.06817
64.12,-0.04271
64.14,-0.03056
64.16,-0.0529
64.18,-0.04633
64.2,-0.02992
64.22,-0.01314
64.24,0.01469
64.26,0.03812
64.28,0.05075
64.3,0.04404
64.32,0.04633
64.34,0.04081
64.36,0.01661
64.38,-0.00609
64.4,0.00345
64.42,0.02149
64.44,0.03902
64.46,0.03501
64.48,0.0228
64.5,0.01274
64.52,0.00221
64.54,0.01103
64.56,0.02732
64.58,0.06354
64.6,0.07515
64.62,0.07194
64.64,0.07269
64.66,0.075
64.68,0.0715
64.7,0.0708
64.72,0.07023
64.74,0.05723
64.76,0.03729
64.78,0.01972
64.8,0.0178
64.82,0.00871
64.84,0.00378
64.86,0.0005
64.88,-0.0026
64.9,-0.01762
64.92,-0.02772
64.94,-0.01002
64.96,0.01076
64.98,0.03191
65,0.03573
65.02,0.03017
65.04,0.01154
65.06,0.00757
65.08,0.01488
65.1,0.00867
65.12,0.01868
65.14,0.0233
65.16,0.03302
65.18,0.03583
65.2,0.01604
65.22,-0.00069
65.24,-0.00485
65.26,-0.0031
65.28,-0.01263
65.3,-0.03942
65.32,-0.04104
65.34,-0.01776
65.36,0.00686
65.38,0.02013
65.4,0.02095
65.42,0.00962
65.44,-0.0076
65.46,-0.01382
65.48,-0.01921
65.5,-0.02452
65.52,-0.02635
65.54,-0.02814
65.56,-0.04648
65.58,-0.05691
65.6,-0.07593
65.62,-0.08368
65.64,-0.0792
65.66,-0.07487
65.68,-0.06547
65.7,-0.0496
65.72,-0.03811
65.74,-0.03342
65.76,-0.02773
65.78,-0.0434
65.8,-0.05342
65.82,-0.04759
65.84,-0.03178
65.86,-0.02746
65.88,-0.02576
65.9,-0.02501
65.92,-0.03252
65.94,-0.04454
65.96,-0.04154
65.98,-0.03457
66,-0.02997
66.02,-0.02968
66.04,-0.03601
66.06,-0.02073
66.08,-0.00895
66.1,-0.01566
66.12,-0.01961
66.14,-0.01577
66.16,-0.02392
66.18,-0.0256
66.2,-0.01884
66.22,-0.01562
66.24,-0.02047
66.26,-0.02645
66.28,-0.02513
66.3,-0.01641
66.32,-0.00623
66.34,-0.01666
66.36,-0.0183
66.38,0.00394
66.4,0.02505
66.42,0.02757
66.44,0.0325
66.46,0.03536
66.48,0.03018
66.5,0.01967
66.52,0.0026
66.54,-0.01323
66.56,-0.01546
66.58,-0.01654
66.6,-0.00791
66.62,0.02771
66.64,0.0504
66.66,0.05251
66.68,0.05752
66.7,0.06318
66.72,0.05459
66.74,0.03835
66.76,0.0334
66.78,0.0293
66.8,0.03535
66.82,0.04031
66.84,0.03
66.86,0.02645
66.88,0.027
66.9,0.03479
66.92,0.0428
66.94,0.0456
66.96,0.0471
66.98,0.05202
67,0.06788
67.02,0.0677
67.04,0.05205
67.06,0.04397
67.08,0.04484
67.1,0.03946
67.12,0.02146
67.14,0.01352
67.16,0.02756
67.18,0.0449
67.2,0.04083
67.22,0.02419
67.24,0.01689
67.26,0.01825
67.28,0.02508
67.3,0.025
67.32,0.03094
67.34,0.03206
67.36,0.02273
67.38,0.02357
67.4,0.01249
67.42,-0.00754
67.44,-0.01836
67.46,-0.03053
67.48,-0.03907
67.5,-0.03222
67.52,-0.0363
67.54,-0.01906
67.56,0.00447
67.58,0.03523
67.6,0.03427
67.62,0.01585
67.64,0.01141
67.66,-0.00359
67.68,0.0061
67.7,-0.00897
67.72,-0.01375
67.74,-0.02623
67.76,-0.05031
67.78,-0.06366
67.8,-0.06494
67.82,-0.0496
67.84,-0.02225
67.86,-0.01061
67.88,-0.00538
67.9,0.01452
67.92,0.03161
67.94,0.04227
67.96,0.03257
67.98,0.01802
68,0.01087
68.02,0.01334
68.04,0.01251
68.06,0.02011
68.08,0.03178
68.1,0.02788
68.12,0.01172
68.14,-0.01198
68.16,-0.0093
68.18,0.00407
68.2,0.00899
68.22,-0.00737
68.24,-0.01274
68.26,-0.00202
68.28,-0.00912
68.3,-0.01977
68.32,-0.01875
68.34,-0.00432
68.36,-0.01046
68.38,-0.01942
68.4,-0.01231
68.42,0.00737
68.44,0.00781
68.46,0.02163
68.48,0.02024
68.5,0.00918
68.52,0.01004
68.54,-0.01296
68.56,-0.01685
68.58,-0.01707
68.6,0.00333
68.62,0.00966
68.64,-0.0034
68.66,0.00845
68.68,-0.0014
68.7,0.00345
68.72,0.02006
68.74,0.01393
68.76,0.00603
68.78,0.00925
68.8,0.02683
68.82,0.04099
68.84,0.03083
68.86,0.00903
68.88,0.00771
68.9,0.00634
68.92,0.00874
68.94,-0.00898
68.96,-0.01875
68.98,-0.01855
69,-0.00604
69.02,0.00852
69.04,0.01759
69.06,0.0351
69.08,0.01832
69.1,0.00886
69.12,0.02676
69.14,0.02979
69.16,0.01533
69.18,0.00523
69.2,0.00504
69.22,-0.00706
69.24,-0.02372
69.26,-0.02212
69.28,-0.02426
69.3,-0.02289
69.32,-0.02586
69.34,-0.02063
69.36,-0.00129
69.38,-0.00207
69.4,-0.00069
69.42,-0.00282
69.44,-0.00022
69.46,-0.01507
69.48,-0.02661
69.5,-0.02656
69.52,-0.02572
69.54,-0.02859
69.56,-0.04508
69.58,-0.02998
69.6,-0.02645
69.62,-0.02603
69.64,-0.02679
69.66,-0.02665
69.68,-0.02671
69.7,-0.01242
69.72,-0.00252
69.74,0.00272
69.76,0.00119
69.78,-0.0048
69.8,0.01594
69.82,0.02245
69.84,0.02789
69.86,0.01015
69.88,0.01497
69.9,0.02051
69.92,0.0248
69.94,0.03431
69.96,0.03792
69.98,0.04764
70,0.03434
70.02,0.02025
70.04,-0.00069
70.06,-0.00175
70.08,-0.00355
70.1,-0.0016
70.12,-0.00408
70.14,-0.00032
70.16,-0.01225
70.18,-0.02771
70.2,-0.03216
70.22,-0.04978
70.24,-0.06095
70.26,-0.06694
70.28,-0.05889
70.3,-0.05476
70.32,-0.05615
70.34,-0.07606
70.36,-0.07927
70.38,-0.08136
70.4,-0.07634
70.42,-0.05867
70.44,-0.03847
70.46,-0.02956
70.48,-0.01683
70.5,0.00189
70.52,0.01854
70.54,0.02399
70.56,0.02181
70.58,0.01903
70.6,0.00296
70.62,0.01824
70.64,0.02109
70.66,0.02262
70.68,0.02081
70.7,0.02385
70.72,0.03237
70.74,0.02779
70.76,0.01029
70.78,-0.00273
70.8,-0.00497
70.82,0.00241
70.84,0.02015
70.86,0.03521
70.88,0.03218
70.9,0.02214
70.92,0.01618
70.94,0.01345
70.96,0.02171
70.98,0.02066
71,0.01304
71.02,0.00555
71.04,0.02269
71.06,0.02346
71.08,0.03462
71.1,0.04589
71.12,0.04664
71.14,0.04356
71.16,0.02376
71.18,0.0215
71.2,0.01742
71.22,0.02364
71.24,0.02895
71.26,0.02793
71.28,0.02256
71.3,0.00839
71.32,-0.00223
71.34,-0.00309
71.36,-0.00486
71.38,0.00363
71.4,0.01367
71.42,0.01531
71.44,0.01609
71.46,0.00939
71.48,0.01051
71.5,0.01891
71.52,0.01808
71.54,0.02181
71.56,0.02092
71.58,0.0228
71.6,0.0205
71.62,0.02395
71.64,0.01606
71.66,-0.001
71.68,-0.01064
71.7,-0.02901
71.72,-0.02741
71.74,-0.0368
71.76,-0.03164
71.78,-0.02698
71.8,-0.01989
71.82,-0.02055
71.84,-0.0282
71.86,-0.02769
71.88,-0.02916
71.9,-0.02939
71.92,-0.028
71.94,-0.04198
71.96,-0.05914
71.98,-0.06932
72,-0.07892
72.02,-0.07889
72.04,-0.07907
72.06,-0.07988
72.08,-0.06957
72.1,-0.056
72.12,-0.05368
72.14,-0.03848
72.16,-0.02734
72.18,-0.03254
72.2,-0.01476
72.22,-0.00425
72.24,-0.00212
72.26,-0.01249
72.28,-0.01755
72.3,-0.00259
72.32,-0.00499
72.34,-0.00278
72.36,-0.00475
72.38,-0.01496
72.4,-0.02826
72.42,-0.02826
72.44,-0.02102
72.46,-0.01004
72.48,-0.00343
72.5,-0.0041
72.52,-0.00326
72.54,-0.00424
72.56,-0.00243
72.58,-0.00118
72.6,-0.00424
72.62,-0.00258
72.64,0.00081
72.66,-0.00253
72.68,-0.00377
72.7,-0.00334
72.72,0.00689
72.74,0.02001
72.76,0.02141
72.78,0.02189
72.8,0.02034
72.82,0.02159
72.84,0.01849
72.86,0.01581
72.88,0.02464
72.9,0.03028
72.92,0.04151
72.94,0.04648
72.96,0.04886
72.98,0.05893
73,0.06563
73.02,0.06973
73.04,0.07187
73.06,0.06453
73.08,0.05469
73.1,0.04537
73.12,0.045
73.14,0.04435
73.16,0.0492
73.18,0.05704
73.2,0.04931
73.22,0.04083
73.24,0.02373
73.26,0.02018
73.28,0.02233
73.3,0.00897
73.32,-0.00245
73.34,-0.00511
73.36,-0.02132
73.38,-0.03057
73.4,-0.01531
73.42,-0.00294
73.44,-0.0045
73.46,-0.00325
73.48,-0.00389
73.5,-0.00395
73.52,-0.00105
73.54,-0.00386
73.56,-0.00381
73.58,-0.01966
73.6,-0.02958
73.62,-0.02837
73.64,-0.00919
73.66,-0.00553
73.68,-0.01474
73.7,-0.01155
73.72,-0.00817
73.74,-0.00195
73.76,-0.01721
73.78,-0.0291
73.8,-0.01102
73.82,-0.00192
73.84,-0.0039
73.86,-0.00126
73.88,-0.00925
73.9,-0.00749
73.92,-0.02097
73.94,-0.02848
73.96,-0.02851
73.98,-0.01714
74,-0.00478
74.02,0.00327
74.04,0.00764
74.06,-0.00443
74.08,-0.00057
74.1,-0.0049
74.12,-0.00103
74.14,-0.01533
74.16,-0.01545
74.18,-0.00998
74.2,-0.01598
74.22,-0.01772
74.24,-0.01731
74.26,-0.00828
74.28,-0.02284
74.3,-0.02441
74.32,-0.02859
74.34,-0.02522
74.36,-0.00611
74.38,-0.00277
74.4,-0.00287
74.42,-0.00263
74.44,-0.00306
74.46,-0.00187
74.48,-0.00241
74.5,-0.00053
74.52,-0.0164
74.54,-0.02593
74.56,-0.02876
74.58,-0.02382
74.6,-0.03355
74.62,-0.04984
74.64,-0.06292
74.66,-0.05566
74.68,-0.05125
74.7,-0.03812
74.72,-0.02375
74.74,-0.02665
74.76,-0.00652
74.78,0.00483
74.8,0.02415
74.82,0.0218
74.84,0.02484
74.86,0.01897
74.88,0.01158
74.9,0.022
74.92,0.0225
74.94,0.02264
74.96,0.02334
74.98,0.04365
75,0.0483
75.02,0.04887
75.04,0.06009
75.06,0.04859
75.08,0.05569
75.1,0.07086
75.12,0.07318
75.14,0.06974
75.16,0.0677
75.18,0.06191
75.2,0.04787
75.22,0.0519
75.24,0.04811
75.26,0.04893
75.28,0.04785
75.3,0.04857
75.32,0.04773
75.34,0.04869
75.36,0.03891
75.38,0.02279
75.4,0.04129
75.42,0.04884
75.44,0.04704
75.46,0.03098
75.48,0.02346
75.5,0.02426
75.52,0.00756
75.54,0.00009
75.56,0.00194
75.58,-0.00174
75.6,-0.00794
75.62,-0.01801
75.64,-0.02214
75.66,-0.02088
75.68,-0.02197
75.7,-0.02105
75.72,-0.02274
75.74,-0.02199
75.76,-0.02356
75.78,-0.023
75.8,-0.02496
75.82,-0.02329
75.84,-0.03008
75.86,-0.04798
75.88,-0.05104
75.9,-0.0507
75.92,-0.06788
75.94,-0.07594
75.96,-0.0753
75.98,-0.07506
76,-0.07454
76.02,-0.07426
76.04,-0.07087
76.06,-0.06651
76.08,-0.05346
76.1,-0.03595
76.12,-0.02333
76.14,-0.01485
76.16,0.00309
76.18,0.01615
76.2,0.00511
76.22,0.00257
76.24,0.00027
76.26,0.01737
76.28,0.02216
76.3,0.00196
76.32,0.00257
76.34,-0.00002
76.36,0.00204
76.38,0.00096
76.4,0.00309
76.42,-0.00242
76.44,-0.02303
76.46,-0.01289
76.48,0.003
76.5,0.00298
76.52,0.00574
76.54,0.00297
76.56,0.02225
76.58,0.02994
76.6,0.04241
76.62,0.0427
76.64,0.03002
76.66,0.03023
76.68,0.0312
76.7,0.0313
76.72,0.02885
76.74,0.02976
76.76,0.02965
76.78,0.01191
76.8,0.00302
76.82,0.00302
76.84,-0.01176
76.86,-0.00769
76.88,0.00137
76.9,0.00457
76.92,0.00413
76.94,0.02649
76.96,0.01447
76.98,0.0012
77,0.01986
77.02,0.02653
77.04,0.0278
77.06,0.00969
77.08,0.00413
77.1,-0.01374
77.12,-0.00847
77.14,0.00269
77.16,0.00382
77.18,-0.00806
77.2,-0.02368
77.22,-0.02147
77.24,-0.02359
77.26,-0.02385
77.28,-0.02173
77.3,-0.03278
77.32,-0.04789
77.34,-0.06385
77.36,-0.0763
77.38,-0.07405
77.4,-0.04865
77.42,-0.02461
77.44,-0.02505
77.46,-0.02323
77.48,-0.02485
77.5,-0.0415
77.52,-0.04742
77.54,-0.05097
77.56,-0.04002
77.58,-0.02375
77.6,-0.02342
77.62,-0.02331
77.64,-0.01979
77.66,-0.00143
77.68,0.00293
77.7,-0.00008
77.72,0.01045
77.74,0.02409
77.76,0.00642
77.78,0.01925
77.8,0.02652
77.82,0.00761
77.84,0.0022
77.86,0.00183
77.88,0.00222
77.9,0.00171
77.92,0.00252
77.94,0.00278
77.96,0.00329
77.98,0.01541
78,0.0277
78.02,0.02842
78.04,0.02898
78.06,0.02618
78.08,0.02886
78.1,0.02947
78.12,0.02917
78.14,0.02909
78.16,0.02881
78.18,0.02862
78.2,0.02909
78.22,0.02829
78.24,0.00684
78.26,0.00811
78.28,0.02756
78.3,0.02999
78.32,0.03087
78.34,0.03109
78.36,0.03148
78.38,0.02821
78.4,0.01253
78.42,0.00566
78.44,0.00631
78.46,0.00331
78.48,0.00486
78.5,0.00754
78.52,-0.00513
78.54,-0.02065
78.56,-0.01704
78.58,-0.02259
78.6,-0.01151
78.62,0.00396
78.64,0.01048
78.66,0.02936
78.68,0.02962
78.7,0.03102
78.72,0.02982
78.74,0.03139
78.76,0.02661
78.78,0.0056
78.8,0.0069
78.82,-0.00669
78.84,-0.01783
78.86,-0.02039
78.88,-0.01831
78.9,-0.0297
78.92,-0.04489
78.94,-0.04709
78.96,-0.0576
78.98,-0.05398
79,-0.05347
79.02,-0.03169
79.04,-0.02194
79.06,-0.02009
79.08,-0.01811
79.1,-0.01985
79.12,-0.02665
79.14,-0.03619
79.16,-0.0415
79.18,-0.04453
79.2,-0.02516
79.22,-0.02549
79.24,-0.02138
79.26,-0.02099
79.28,-0.01766
79.3,-0.02284
79.32,-0.00529
79.34,0.00306
79.36,0.00988
79.38,0.02853
79.4,0.01008
79.42,0.00501
79.44,-0.00039
79.46,0.00454
79.48,0.00548
79.5,0.02944
79.52,0.01829
79.54,0.02084
79.56,0.03228
79.58,0.02845
79.6,0.03079
79.62,0.02881
79.64,0.03062
79.66,0.03121
79.68,0.01717
79.7,0.00599
79.72,0.04544
79.74,0.04446
79.76,0.03094
79.78,0.02984
79.8,0.03432
79.82,0.05497
79.84,0.05445
79.86,0.03475
79.88,0.03119
79.9,0.01707
79.92,0.00798
79.94,0.00328
79.96,0.01462
79.98,0.03052
